------------------------------------------------------------------------------------------------------------------------------------------------------------------------------------
      name:  <unnamed>
       log:  /Users/pranavgupta/Documents/ECON 580/Pranav-copy-rep-kit/ggn-replication-kit/do/../log/create-cps-figures.log
  log type:  text
 opened on:  13 Feb 2026, 21:28:48

. 
. /* --------------------------------------
> 
> This program runs simple regressions
> for the Tennessee policy experiment.
> 
> --------------------------------------- */
. 
. clear all

. estimates clear

. set mem 500m
set memory ignored.
    Memory no longer needs to be set in modern Statas; memory adjustments are performed on the fly automatically.

. set matsize 10000

. set linesize 200

. describe, short

Contains data
 Observations:             0                  
    Variables:             0                  
Sorted by: 

. 
. ************************************************************
. **   Prepare CPS outcomes
. ************************************************************
. 
. do fragment-prepare-cps-data.do 0

. use ../src/cps_00013.dta, clear

. d, f

Contains data from ../src/cps_00013.dta
 Observations:     4,723,421                  
    Variables:            88                  4 Jun 2013 10:04
--------------------------------------------------------------------------------------------------------------------------------------------------------------------------------------------------------
Variable      Storage   Display    Value
    name         type    format    label      Variable label
--------------------------------------------------------------------------------------------------------------------------------------------------------------------------------------------------------
year            int     %8.0g                 Survey year
serial          long    %12.0g                Household serial number
hwtsupp         float   %10.4f                Household weight, Supplement
region          byte    %8.0g                 Region and division
statefip        byte    %8.0g                 State (FIPS code)
metro           byte    %8.0g                 Metropolitan central city status
metarea         int     %8.0g                 Metropolitan area
month           byte    %8.0g                 Month
wtsupp          float   %10.4f                Supplement Weight
hinswt          double  %9.0f                 Summary health insurance weight
sploc           byte    %8.0g                 Spouse's location in household
sprule          byte    %8.0g                 Rule for linking spouse
nchild          byte    %8.0g                 Number of own children in household
eldch           byte    %8.0g                 Age of eldest own child in household
relate          int     %8.0g                 Relationship to household head
age             byte    %8.0g                 Age
sex             byte    %8.0g                 Sex
race            int     %8.0g                 Race
marst           byte    %8.0g                 Marital status
citizen         byte    %8.0g                 Citizenship status
educ            int     %8.0g                 Educational attainment recode
higrade         int     %8.0g                 Highest grade of school
educ99          byte    %8.0g                 Educational attainment, 1990
empstat         byte    %8.0g                 Employment status
labforce        byte    %8.0g                 Labor force status
occ             int     %8.0g                 Occupation
occ1990         int     %8.0g                 Occupation, 1990 basis
occ1950         int     %8.0g                 Occupation, 1950 basis
ind             int     %8.0g                 Industry
ind1950         int     %8.0g                 Industry, 1950 basis
wkswork1        byte    %8.0g                 Weeks worked last year
wkswork2        byte    %8.0g                 Weeks worked last year, intervalled
hrswork         byte    %8.0g                 Hours worked last week
uhrswork        byte    %8.0g                 Usual hours worked per week (last yr)
hourwage        int     %8.0g                 Hourly wage
paidhour        byte    %8.0g                 Paid by the hour
union           byte    %8.0g                 Union membership
firmsize        byte    %8.0g                 Number of employees
ftotval         double  %10.0f                Total family income
inctot          double  %8.0f                 Total personal income
incwage         long    %12.0g                Wage and salary income
earnweek        int     %8.0g                 Weekly earnings
poverty         byte    %8.0g                 Official poverty status
cutoff          long    %12.0g                Cutoff for offical poverty status, in dollars
disabwrk        byte    %8.0g                 Work disability
health          byte    %8.0g                 Health status
migsta1         byte    %8.0g                 State of residence 1 year ago
migrate1        byte    %8.0g                 Migration status, 1 year
hcovany         byte    %8.0g                 Any insurance, public or private (summary)
hcovpriv        byte    %8.0g                 Any private insurance (summary)
hinsemp         byte    %8.0g                 Employer-sponsored insurance (summary)
hinspur         byte    %8.0g                 Individually purchased insurance (summary)
hcovpub         byte    %8.0g                 Any public insurance (summary)
hinscaid        byte    %8.0g                 Any Medicaid/SCHIP/other public insurance (summary)
hinscare        byte    %8.0g                 Medicare coverage (summary)
hinsmil         byte    %8.0g                 Any military insurance (summary)
inclugh         byte    %8.0g                 Included in employer group health plan last year
paidgh          byte    %8.0g                 Employer paid for group health plan
emcontrb        int     %8.0g                 Employer contribution for health insurance
himcaid         byte    %8.0g                 Covered by Medicaid last year
himcare         byte    %8.0g                 Covered by Medicare last year
hichamp         byte    %8.0g                 Covered by military health insurance last year
phinsur         byte    %8.0g                 Reported covered by private health insurance last year
phiown          byte    %8.0g                 Private health insurance in own name last year
caid            byte    %8.0g                 Covered by Medicaid last year
care            byte    %8.0g                 Covered by Medicare last year
champus         byte    %8.0g                 Covered by Champus/Tricare last year
champva         byte    %8.0g                 Covered by CHAMPVA last year
militva         byte    %8.0g                 Covered by VA or Military health care last year
indianh         byte    %8.0g                 Covered by Indian Health Service last year
groupown        byte    %8.0g                 Policyholder for employment-based insurance last year
groupdep        byte    %8.0g                 Dependent covered by employment-based insurance last year
privown         byte    %8.0g                 Policyholder for privately-purchased insurance last year
privdep         byte    %8.0g                 Dependent covered by privately-purchased insurance last year
grouptyp        byte    %8.0g                 Type of employment-based coverage last year
privtyp         byte    %8.0g                 Type of privately-purchased coverage last year
grpwho1         byte    %8.0g                 Line number of first policyholder of employment-based insurance
grpwho2         byte    %8.0g                 Line number of second policyholder of employment-based insurance
privwho1        byte    %8.0g                 Line number of first policyholder of privately-purchased insurance
privwho2        byte    %8.0g                 Line number of second policyholder of privately-purchased insurance
mocaid          byte    %8.0g                 Months of Medicaid coverage last year
schip           byte    %8.0g                 State Children's Health Insurance Program coverage last year
verify          byte    %8.0g                 Verification: Did individual actually have health insurance
groupout        byte    %8.0g                 Employment-based insurance covered non-household member
privout         byte    %8.0g                 Privately-purchased insurance covered non-household member
out             byte    %8.0g                 Covered by policy of person outside the household
covergh         byte    %8.0g                 Covered by group health insurance, last year
coverpi         byte    %8.0g                 Covered by private health insurance, last year
--------------------------------------------------------------------------------------------------------------------------------------------------------------------------------------------------------
Sorted by: year  serial  age

. 
. ************************************************************
. **   Restrict to South and key years
. ************************************************************
. 
. if (`1' > 0 & `1' < 13) {
.         gen south = ///
>          (statefip == 54 | statefip == 24 | statefip == 10 | statefip == 11 | ///
>           statefip == 21 | statefip == 47 | ///
>           statefip == 37 | statefip == 51 | statefip == 45 | statefip == 13 | ///
>           statefip ==  5 | statefip == 22 | statefip == 48 | statefip == 40 | ///
>           statefip ==  1 | statefip == 28 | statefip == 12 )
.         
.         keep if south == 1
.         keep if year >= 1999 & year <= 2013
. }

. 
. 
. ************************************************************
. **   Identify those with kids
. ************************************************************
. 
. sort year serial

. merge year serial using ../dta/cps_yngch.dta, uniqusing
(you are using old merge syntax; see [D] merge for new syntax)
variables year serial do not uniquely identify observations in the master data

. tab year _merge, missing

    Survey |        _merge
      year |         1          3 |     Total
-----------+----------------------+----------
      1986 |   157,661          0 |   157,661 
      1987 |   155,468          0 |   155,468 
      1988 |   155,980          0 |   155,980 
      1989 |   144,687          0 |   144,687 
      1990 |   158,079          0 |   158,079 
      1991 |   158,477          0 |   158,477 
      1992 |   155,796          0 |   155,796 
      1993 |   155,197          0 |   155,197 
      1994 |   150,943          0 |   150,943 
      1995 |   149,642          0 |   149,642 
      1996 |   130,476          0 |   130,476 
      1997 |   131,854          0 |   131,854 
      1998 |   131,617          0 |   131,617 
      1999 |   132,324          0 |   132,324 
      2000 |    92,832     40,878 |   133,710 
      2001 |   155,382     62,887 |   218,269 
      2002 |   154,402     62,817 |   217,219 
      2003 |   153,556     62,868 |   216,424 
      2004 |   151,486     61,755 |   213,241 
      2005 |   146,802     63,846 |   210,648 
      2006 |   143,672     64,890 |   208,562 
      2007 |   142,003     64,636 |   206,639 
      2008 |   141,342     65,062 |   206,404 
      2009 |   142,982     64,939 |   207,921 
      2010 |   143,713     66,089 |   209,802 
      2011 |   140,150     64,833 |   204,983 
      2012 |   137,752     63,646 |   201,398 
-----------+----------------------+----------
     Total | 3,914,275    809,146 | 4,723,421 

. assert _merge != 2 if year >= 2000

. drop _merge

. gen own_kid = yngch < 18

. 
. sort year serial age

. by year serial: gen min_age = age[1]

. by year serial: gen max_age = age[_N]

. summ min_age ,det

                           min_age
-------------------------------------------------------------
      Percentiles      Smallest
 1%            0              0
 5%            0              0
10%            1              0       Obs           4,723,421
25%            4              0       Sum of wgt.   4,723,421

50%           13                      Mean           21.60281
                        Largest       Std. dev.      22.54444
75%           31             99
90%           61             99       Variance        508.252
95%           70             99       Skewness       1.175761
99%           80             99       Kurtosis       3.207245

. gen kid = (min_age < 18)

. 
. replace inctot = . if inctot == 99999999 
(1,132,597 real changes made, 1,132,597 to missing)

. replace inctot = . if inctot == 99999998 
(0 real changes made)

. 
. ************************************************************
. **   Restrictions on age and education
. ************************************************************
. 
. if (`1' == 11) {
.         keep if age >= 66
.         keep if educ <= 111
. }

. if (`1' != 11 & `1' != 13) {
.         keep if age >= 21 & age < 65
(2,069,696 observations deleted)
.         keep if educ <= 111
(233,507 observations deleted)
. }

. if (`1' == 13) {
.         keep if educ <= 111
. }

. 
. ************************************************************
. **   Create key variables
. ************************************************************
. 
. gen any_ind = (hinspur == 2)

. 
. gen has_spouse = (sploc != 0)

. 
. ** Impose no private h.i. if on Medicaid for 2003
. gen verifs = (himcaid == 2 & hcovpriv == 2)

. bys year: tab verifs if statefip == 47, missing

--------------------------------------------------------------------------------------------------------------------------------------------------------------------------------------------------------
-> year = 1986

     verifs |      Freq.     Percent        Cum.
------------+-----------------------------------
          0 |        945      100.00      100.00
------------+-----------------------------------
      Total |        945      100.00

--------------------------------------------------------------------------------------------------------------------------------------------------------------------------------------------------------
-> year = 1987

     verifs |      Freq.     Percent        Cum.
------------+-----------------------------------
          0 |        951      100.00      100.00
------------+-----------------------------------
      Total |        951      100.00

--------------------------------------------------------------------------------------------------------------------------------------------------------------------------------------------------------
-> year = 1988

     verifs |      Freq.     Percent        Cum.
------------+-----------------------------------
          0 |        947       99.47       99.47
          1 |          5        0.53      100.00
------------+-----------------------------------
      Total |        952      100.00

--------------------------------------------------------------------------------------------------------------------------------------------------------------------------------------------------------
-> year = 1989

     verifs |      Freq.     Percent        Cum.
------------+-----------------------------------
          0 |        952       99.17       99.17
          1 |          8        0.83      100.00
------------+-----------------------------------
      Total |        960      100.00

--------------------------------------------------------------------------------------------------------------------------------------------------------------------------------------------------------
-> year = 1990

     verifs |      Freq.     Percent        Cum.
------------+-----------------------------------
          0 |        914       99.24       99.24
          1 |          7        0.76      100.00
------------+-----------------------------------
      Total |        921      100.00

--------------------------------------------------------------------------------------------------------------------------------------------------------------------------------------------------------
-> year = 1991

     verifs |      Freq.     Percent        Cum.
------------+-----------------------------------
          0 |        936       98.84       98.84
          1 |         11        1.16      100.00
------------+-----------------------------------
      Total |        947      100.00

--------------------------------------------------------------------------------------------------------------------------------------------------------------------------------------------------------
-> year = 1992

     verifs |      Freq.     Percent        Cum.
------------+-----------------------------------
          0 |      1,027       98.94       98.94
          1 |         11        1.06      100.00
------------+-----------------------------------
      Total |      1,038      100.00

--------------------------------------------------------------------------------------------------------------------------------------------------------------------------------------------------------
-> year = 1993

     verifs |      Freq.     Percent        Cum.
------------+-----------------------------------
          0 |      1,039       98.86       98.86
          1 |         12        1.14      100.00
------------+-----------------------------------
      Total |      1,051      100.00

--------------------------------------------------------------------------------------------------------------------------------------------------------------------------------------------------------
-> year = 1994

     verifs |      Freq.     Percent        Cum.
------------+-----------------------------------
          0 |        965       98.77       98.77
          1 |         12        1.23      100.00
------------+-----------------------------------
      Total |        977      100.00

--------------------------------------------------------------------------------------------------------------------------------------------------------------------------------------------------------
-> year = 1995

     verifs |      Freq.     Percent        Cum.
------------+-----------------------------------
          0 |        842       94.39       94.39
          1 |         50        5.61      100.00
------------+-----------------------------------
      Total |        892      100.00

--------------------------------------------------------------------------------------------------------------------------------------------------------------------------------------------------------
-> year = 1996

     verifs |      Freq.     Percent        Cum.
------------+-----------------------------------
          0 |        827       96.95       96.95
          1 |         26        3.05      100.00
------------+-----------------------------------
      Total |        853      100.00

--------------------------------------------------------------------------------------------------------------------------------------------------------------------------------------------------------
-> year = 1997

     verifs |      Freq.     Percent        Cum.
------------+-----------------------------------
          0 |        844       94.73       94.73
          1 |         47        5.27      100.00
------------+-----------------------------------
      Total |        891      100.00

--------------------------------------------------------------------------------------------------------------------------------------------------------------------------------------------------------
-> year = 1998

     verifs |      Freq.     Percent        Cum.
------------+-----------------------------------
          0 |        870       96.67       96.67
          1 |         30        3.33      100.00
------------+-----------------------------------
      Total |        900      100.00

--------------------------------------------------------------------------------------------------------------------------------------------------------------------------------------------------------
-> year = 1999

     verifs |      Freq.     Percent        Cum.
------------+-----------------------------------
          0 |        922       98.40       98.40
          1 |         15        1.60      100.00
------------+-----------------------------------
      Total |        937      100.00

--------------------------------------------------------------------------------------------------------------------------------------------------------------------------------------------------------
-> year = 2000

     verifs |      Freq.     Percent        Cum.
------------+-----------------------------------
          0 |        910       98.27       98.27
          1 |         16        1.73      100.00
------------+-----------------------------------
      Total |        926      100.00

--------------------------------------------------------------------------------------------------------------------------------------------------------------------------------------------------------
-> year = 2001

     verifs |      Freq.     Percent        Cum.
------------+-----------------------------------
          0 |      1,337       97.38       97.38
          1 |         36        2.62      100.00
------------+-----------------------------------
      Total |      1,373      100.00

--------------------------------------------------------------------------------------------------------------------------------------------------------------------------------------------------------
-> year = 2002

     verifs |      Freq.     Percent        Cum.
------------+-----------------------------------
          0 |      1,354       98.04       98.04
          1 |         27        1.96      100.00
------------+-----------------------------------
      Total |      1,381      100.00

--------------------------------------------------------------------------------------------------------------------------------------------------------------------------------------------------------
-> year = 2003

     verifs |      Freq.     Percent        Cum.
------------+-----------------------------------
          0 |      1,375       96.97       96.97
          1 |         43        3.03      100.00
------------+-----------------------------------
      Total |      1,418      100.00

--------------------------------------------------------------------------------------------------------------------------------------------------------------------------------------------------------
-> year = 2004

     verifs |      Freq.     Percent        Cum.
------------+-----------------------------------
          0 |      1,292       97.95       97.95
          1 |         27        2.05      100.00
------------+-----------------------------------
      Total |      1,319      100.00

--------------------------------------------------------------------------------------------------------------------------------------------------------------------------------------------------------
-> year = 2005

     verifs |      Freq.     Percent        Cum.
------------+-----------------------------------
          0 |      1,424       97.87       97.87
          1 |         31        2.13      100.00
------------+-----------------------------------
      Total |      1,455      100.00

--------------------------------------------------------------------------------------------------------------------------------------------------------------------------------------------------------
-> year = 2006

     verifs |      Freq.     Percent        Cum.
------------+-----------------------------------
          0 |      1,446       97.90       97.90
          1 |         31        2.10      100.00
------------+-----------------------------------
      Total |      1,477      100.00

--------------------------------------------------------------------------------------------------------------------------------------------------------------------------------------------------------
-> year = 2007

     verifs |      Freq.     Percent        Cum.
------------+-----------------------------------
          0 |      1,382       99.00       99.00
          1 |         14        1.00      100.00
------------+-----------------------------------
      Total |      1,396      100.00

--------------------------------------------------------------------------------------------------------------------------------------------------------------------------------------------------------
-> year = 2008

     verifs |      Freq.     Percent        Cum.
------------+-----------------------------------
          0 |      1,371       98.35       98.35
          1 |         23        1.65      100.00
------------+-----------------------------------
      Total |      1,394      100.00

--------------------------------------------------------------------------------------------------------------------------------------------------------------------------------------------------------
-> year = 2009

     verifs |      Freq.     Percent        Cum.
------------+-----------------------------------
          0 |      1,339       98.24       98.24
          1 |         24        1.76      100.00
------------+-----------------------------------
      Total |      1,363      100.00

--------------------------------------------------------------------------------------------------------------------------------------------------------------------------------------------------------
-> year = 2010

     verifs |      Freq.     Percent        Cum.
------------+-----------------------------------
          0 |      1,350       98.47       98.47
          1 |         21        1.53      100.00
------------+-----------------------------------
      Total |      1,371      100.00

--------------------------------------------------------------------------------------------------------------------------------------------------------------------------------------------------------
-> year = 2011

     verifs |      Freq.     Percent        Cum.
------------+-----------------------------------
          0 |      1,360       98.34       98.34
          1 |         23        1.66      100.00
------------+-----------------------------------
      Total |      1,383      100.00

--------------------------------------------------------------------------------------------------------------------------------------------------------------------------------------------------------
-> year = 2012

     verifs |      Freq.     Percent        Cum.
------------+-----------------------------------
          0 |      1,339       97.31       97.31
          1 |         37        2.69      100.00
------------+-----------------------------------
      Total |      1,376      100.00


. replace hcovpriv = . if himcaid == 2 & (year == 2003)
(8,119 real changes made, 8,119 to missing)

. 
. tab hcovpub , miss

 Any public |
  insurance |
  (summary) |      Freq.     Percent        Cum.
------------+-----------------------------------
          1 |  1,959,351       80.96       80.96
          2 |    299,526       12.38       93.33
          . |    161,341        6.67      100.00
------------+-----------------------------------
      Total |  2,420,218      100.00

. gen byte any_public = (hcovpub == 2)

. 
. tab hcovpriv , miss

Any private |
  insurance |
  (summary) |      Freq.     Percent        Cum.
------------+-----------------------------------
          1 |    617,477       25.51       25.51
          2 |  1,633,281       67.48       93.00
          . |    169,460        7.00      100.00
------------+-----------------------------------
      Total |  2,420,218      100.00

. gen byte any_private = (hcovpriv == 2)

. 
. ** We have found evidence that some publicly insured CPS respondents are
. ** mis-reporting their coverage is private. We remove this small group here.
. replace any_private = 0 if any_ind == 1
(123,388 real changes made)

. 
. tab hcovany , miss

        Any |
 insurance, |
  public or |
    private |
  (summary) |      Freq.     Percent        Cum.
------------+-----------------------------------
          1 |    413,750       17.10       17.10
          2 |  1,845,127       76.24       93.33
          . |    161,341        6.67      100.00
------------+-----------------------------------
      Total |  2,420,218      100.00

. gen byte any_coverage = (hcovany == 2)

. 
. gen any_empl = (hinsemp == 2)

. 
. ** Drop armed forces(see IPUMS-CPS)
. ** Only working if have positive hours
. drop if empstat == 13
(14,321 observations deleted)

. gen byte working = (empstat == 10)

. 
. gen byte working_alt = (empstat >= 10 & empstat <= 12)

. 
. gen byte unemp = (empstat >= 20 & empstat <= 22)

. 
. gen byte ilf = (empstat >= 10 & empstat <= 22)

. 
. gen any_mcaid  = (himcaid == 2)

. gen any_mcare  = (himcare == 2)

. 
. gen byte any_priv_wk   = (hcovpriv == 2 & working == 1)

. gen byte any_priv_nowk = (hcovpriv == 2 & working == 0)

. 
. gen byte any_empl_wk = (any_empl == 1 & working == 1)

. gen byte any_noempl_wk = (any_empl == 0 & working == 1)

.  
. gen byte any_nocov_wk     = (any_coverage == 0 & working == 1)

. gen byte any_cov_wk     = (any_coverage == 1 & working == 1)

. 
. tab hrswork , miss

      Hours |
worked last |
       week |      Freq.     Percent        Cum.
------------+-----------------------------------
          0 |    698,020       29.01       29.01
          1 |      5,170        0.21       29.23
          2 |      2,349        0.10       29.33
          3 |      2,173        0.09       29.42
          4 |      3,675        0.15       29.57
          5 |      4,335        0.18       29.75
          6 |      4,187        0.17       29.92
          7 |      1,966        0.08       30.00
          8 |     10,855        0.45       30.46
          9 |      1,767        0.07       30.53
         10 |     13,181        0.55       31.08
         11 |      1,112        0.05       31.12
         12 |      8,943        0.37       31.49
         13 |      1,692        0.07       31.57
         14 |      3,126        0.13       31.70
         15 |     15,442        0.64       32.34
         16 |     17,676        0.73       33.07
         17 |      2,259        0.09       33.17
         18 |      5,848        0.24       33.41
         19 |      1,787        0.07       33.48
         20 |     49,854        2.07       35.56
         21 |      3,406        0.14       35.70
         22 |      4,575        0.19       35.89
         23 |      3,253        0.14       36.02
         24 |     29,891        1.24       37.26
         25 |     25,203        1.05       38.31
         26 |      4,086        0.17       38.48
         27 |      4,282        0.18       38.66
         28 |     10,032        0.42       39.08
         29 |      2,714        0.11       39.19
         30 |     52,112        2.17       41.36
         31 |      2,723        0.11       41.47
         32 |     56,727        2.36       43.83
         33 |      4,866        0.20       44.03
         34 |      6,214        0.26       44.29
         35 |     52,576        2.19       46.47
         36 |     24,878        1.03       47.51
         37 |     13,452        0.56       48.07
         38 |     27,496        1.14       49.21
         39 |      6,661        0.28       49.49
         40 |    716,971       29.80       79.29
         41 |      7,949        0.33       79.62
         42 |     21,951        0.91       80.53
         43 |     13,493        0.56       81.09
         44 |     17,404        0.72       81.81
         45 |     72,014        2.99       84.81
         46 |     11,890        0.49       85.30
         47 |      6,809        0.28       85.58
         48 |     36,569        1.52       87.10
         49 |      4,286        0.18       87.28
         50 |    109,850        4.57       91.85
         51 |      2,755        0.11       91.96
         52 |      9,801        0.41       92.37
         53 |      3,701        0.15       92.52
         54 |      4,911        0.20       92.73
         55 |     29,317        1.22       93.95
         56 |      9,343        0.39       94.33
         57 |      2,192        0.09       94.43
         58 |      3,960        0.16       94.59
         59 |      1,129        0.05       94.64
         60 |     61,928        2.57       97.21
         61 |      1,010        0.04       97.25
         62 |      2,200        0.09       97.34
         63 |      1,445        0.06       97.40
         64 |      2,214        0.09       97.50
         65 |     10,488        0.44       97.93
         66 |      1,645        0.07       98.00
         67 |        800        0.03       98.03
         68 |      1,558        0.06       98.10
         69 |        382        0.02       98.11
         70 |     15,572        0.65       98.76
         71 |        317        0.01       98.77
         72 |      3,876        0.16       98.94
         73 |        412        0.02       98.95
         74 |        471        0.02       98.97
         75 |      3,148        0.13       99.10
         76 |        617        0.03       99.13
         77 |        495        0.02       99.15
         78 |        595        0.02       99.17
         79 |        162        0.01       99.18
         80 |      8,311        0.35       99.53
         81 |        129        0.01       99.53
         82 |        348        0.01       99.55
         83 |        130        0.01       99.55
         84 |      2,214        0.09       99.64
         85 |        839        0.03       99.68
         86 |        198        0.01       99.69
         87 |        119        0.00       99.69
         88 |        266        0.01       99.70
         89 |         71        0.00       99.71
         90 |      1,680        0.07       99.78
         91 |        150        0.01       99.78
         92 |        158        0.01       99.79
         93 |         58        0.00       99.79
         94 |        113        0.00       99.80
         95 |        246        0.01       99.81
         96 |        386        0.02       99.82
         97 |         49        0.00       99.82
         98 |        329        0.01       99.84
         99 |      3,909        0.16      100.00
------------+-----------------------------------
      Total |  2,405,897      100.00

. tab hrswork , miss nol

      Hours |
worked last |
       week |      Freq.     Percent        Cum.
------------+-----------------------------------
          0 |    698,020       29.01       29.01
          1 |      5,170        0.21       29.23
          2 |      2,349        0.10       29.33
          3 |      2,173        0.09       29.42
          4 |      3,675        0.15       29.57
          5 |      4,335        0.18       29.75
          6 |      4,187        0.17       29.92
          7 |      1,966        0.08       30.00
          8 |     10,855        0.45       30.46
          9 |      1,767        0.07       30.53
         10 |     13,181        0.55       31.08
         11 |      1,112        0.05       31.12
         12 |      8,943        0.37       31.49
         13 |      1,692        0.07       31.57
         14 |      3,126        0.13       31.70
         15 |     15,442        0.64       32.34
         16 |     17,676        0.73       33.07
         17 |      2,259        0.09       33.17
         18 |      5,848        0.24       33.41
         19 |      1,787        0.07       33.48
         20 |     49,854        2.07       35.56
         21 |      3,406        0.14       35.70
         22 |      4,575        0.19       35.89
         23 |      3,253        0.14       36.02
         24 |     29,891        1.24       37.26
         25 |     25,203        1.05       38.31
         26 |      4,086        0.17       38.48
         27 |      4,282        0.18       38.66
         28 |     10,032        0.42       39.08
         29 |      2,714        0.11       39.19
         30 |     52,112        2.17       41.36
         31 |      2,723        0.11       41.47
         32 |     56,727        2.36       43.83
         33 |      4,866        0.20       44.03
         34 |      6,214        0.26       44.29
         35 |     52,576        2.19       46.47
         36 |     24,878        1.03       47.51
         37 |     13,452        0.56       48.07
         38 |     27,496        1.14       49.21
         39 |      6,661        0.28       49.49
         40 |    716,971       29.80       79.29
         41 |      7,949        0.33       79.62
         42 |     21,951        0.91       80.53
         43 |     13,493        0.56       81.09
         44 |     17,404        0.72       81.81
         45 |     72,014        2.99       84.81
         46 |     11,890        0.49       85.30
         47 |      6,809        0.28       85.58
         48 |     36,569        1.52       87.10
         49 |      4,286        0.18       87.28
         50 |    109,850        4.57       91.85
         51 |      2,755        0.11       91.96
         52 |      9,801        0.41       92.37
         53 |      3,701        0.15       92.52
         54 |      4,911        0.20       92.73
         55 |     29,317        1.22       93.95
         56 |      9,343        0.39       94.33
         57 |      2,192        0.09       94.43
         58 |      3,960        0.16       94.59
         59 |      1,129        0.05       94.64
         60 |     61,928        2.57       97.21
         61 |      1,010        0.04       97.25
         62 |      2,200        0.09       97.34
         63 |      1,445        0.06       97.40
         64 |      2,214        0.09       97.50
         65 |     10,488        0.44       97.93
         66 |      1,645        0.07       98.00
         67 |        800        0.03       98.03
         68 |      1,558        0.06       98.10
         69 |        382        0.02       98.11
         70 |     15,572        0.65       98.76
         71 |        317        0.01       98.77
         72 |      3,876        0.16       98.94
         73 |        412        0.02       98.95
         74 |        471        0.02       98.97
         75 |      3,148        0.13       99.10
         76 |        617        0.03       99.13
         77 |        495        0.02       99.15
         78 |        595        0.02       99.17
         79 |        162        0.01       99.18
         80 |      8,311        0.35       99.53
         81 |        129        0.01       99.53
         82 |        348        0.01       99.55
         83 |        130        0.01       99.55
         84 |      2,214        0.09       99.64
         85 |        839        0.03       99.68
         86 |        198        0.01       99.69
         87 |        119        0.00       99.69
         88 |        266        0.01       99.70
         89 |         71        0.00       99.71
         90 |      1,680        0.07       99.78
         91 |        150        0.01       99.78
         92 |        158        0.01       99.79
         93 |         58        0.00       99.79
         94 |        113        0.00       99.80
         95 |        246        0.01       99.81
         96 |        386        0.02       99.82
         97 |         49        0.00       99.82
         98 |        329        0.01       99.84
         99 |      3,909        0.16      100.00
------------+-----------------------------------
      Total |  2,405,897      100.00

. gen byte hrs_lw_lt20 = (hrswork < 20) & working == 1

. gen byte hrs_lw_2035 = (hrswork >= 20 & hrswork < 35) & working == 1

. gen byte hrs_lw_ge35 = (hrswork >= 35 & hrswork < .) & working == 1

. gen byte hrs_lw_ge20 = (hrswork >= 20 & hrswork < .) & working == 1

. sum hrs_lw*

    Variable |        Obs        Mean    Std. dev.       Min        Max
-------------+---------------------------------------------------------
 hrs_lw_lt20 |  2,405,897     .044452    .2060972          0          1
 hrs_lw_2035 |  2,405,897    .1080416     .310433          0          1
 hrs_lw_ge35 |  2,405,897    .5571265    .4967259          0          1
 hrs_lw_ge20 |  2,405,897    .6651681    .4719318          0          1

. 
. replace uhrswork = . if uhrswork == 0
(472,726 real changes made, 472,726 to missing)

. replace uhrswork = . if empstat < 10 | empstat > 13
(196,390 real changes made, 196,390 to missing)

. 
. replace wkswork1 = . if empstat < 10 | empstat > 13
(637,405 real changes made, 637,405 to missing)

. 
. gen wage = inctot / (wkswork1 * uhrswork) 
(669,116 missing values generated)

. 
. summ year

    Variable |        Obs        Mean    Std. dev.       Min        Max
-------------+---------------------------------------------------------
        year |  2,405,897     1999.99    7.840021       1986       2012

. local miny = r(min)

. local maxy = r(max)

. forvalues y = `miny'(1)`maxy' {
  2.         qui summ wage [aw=wtsupp] if year == `y', det
  3.         replace wage = r(p1) if wage < r(p1)  & year == `y'
  4.         replace wage = r(p99) if wage > r(p99) & wage < . & year == `y'
  5. }
(654 real changes made)
(553 real changes made)
(612 real changes made)
(552 real changes made)
(592 real changes made)
(563 real changes made)
(601 real changes made)
(511 real changes made)
(640 real changes made)
(571 real changes made)
(624 real changes made)
(569 real changes made)
(647 real changes made)
(561 real changes made)
(583 real changes made)
(562 real changes made)
(586 real changes made)
(571 real changes made)
(582 real changes made)
(554 real changes made)
(522 real changes made)
(476 real changes made)
(535 real changes made)
(476 real changes made)
(543 real changes made)
(492 real changes made)
(528 real changes made)
(503 real changes made)
(534 real changes made)
(497 real changes made)
(888 real changes made)
(757 real changes made)
(860 real changes made)
(760 real changes made)
(868 real changes made)
(766 real changes made)
(795 real changes made)
(780 real changes made)
(782 real changes made)
(744 real changes made)
(785 real changes made)
(744 real changes made)
(768 real changes made)
(750 real changes made)
(790 real changes made)
(758 real changes made)
(748 real changes made)
(733 real changes made)
(754 real changes made)
(712 real changes made)
(694 real changes made)
(677 real changes made)
(707 real changes made)
(697 real changes made)

. 
. replace wage = log(wage)
(1,736,781 real changes made)

. 
. gen age2 = age * age

. gen age3 = age2 * age

. gen age4 = age3 * age

. gen age5 = age4 * age

. 
. gen female = (sex == 2)

. 
. gen hsd = (educ < 73)

. gen hsg = (educ == 73)

. gen smc1 = (educ > 73 & educ < 91)

. gen smc2 = (educ >=91 & educ < 111)

. gen col = (educ == 111)

. 
. gen femaleXkid = female * kid

. 
. foreach var of varlist female hsg smc1 smc2 col kid {
  2.  gen `var'Xage = `var' * age
  3.  gen `var'Xage2 = `var' * age2
  4.  gen `var'Xage3 = `var' * age3
  5.  gen `var'Xage4 = `var' * age4
  6.  gen `var'Xage5 = `var' * age5
  7. }

. 
. foreach var of varlist hsg smc1 smc2 col kid {
  2.  gen `var'XageXfemale = `var' * age * female
  3.  gen `var'Xage2Xfemale = `var' * age2 * female
  4.  gen `var'Xage3Xfemale = `var' * age3 * female
  5.  gen `var'Xage4Xfemale = `var' * age4 * female
  6.  gen `var'Xage5Xfemale = `var' * age5 * female
  7. }

. 
. reg wage age age2-age5 *Xage* female hsg smc1 smc2 col i.year if year >= 2000 & year <= 2004

      Source |       SS           df       MS      Number of obs   =   374,669
-------------+----------------------------------   F(69, 374599)   =   1168.67
       Model |  33706.2172        69  488.495902   Prob > F        =    0.0000
    Residual |  156579.291   374,599  .417991749   R-squared       =    0.1771
-------------+----------------------------------   Adj R-squared   =    0.1770
       Total |  190285.508   374,668  .507877663   Root MSE        =    .64652

----------------------------------------------------------------------------------
            wage | Coefficient  Std. err.      t    P>|t|     [95% conf. interval]
-----------------+----------------------------------------------------------------
             age |    .778413   .2520758     3.09   0.002      .284352    1.272474
            age2 |  -.0362573   .0131215    -2.76   0.006    -.0619751   -.0105396
            age3 |   .0008318   .0003317     2.51   0.012     .0001816     .001482
            age4 |  -9.33e-06   4.08e-06    -2.29   0.022    -.0000173   -1.33e-06
            age5 |   4.11e-08   1.96e-08     2.10   0.035     2.79e-09    7.94e-08
      femaleXage |  -.2379918   .1836598    -1.30   0.195    -.5979596     .121976
     femaleXage2 |   .0098162   .0098448     1.00   0.319    -.0094793    .0291117
     femaleXage3 |  -.0001853   .0002596    -0.71   0.475     -.000694    .0003235
     femaleXage4 |   1.46e-06   3.35e-06     0.44   0.662    -5.10e-06    8.02e-06
     femaleXage5 |  -3.06e-09   1.68e-08    -0.18   0.856    -3.60e-08    2.99e-08
         hsgXage |   .6098899   .2806831     2.17   0.030     .0597593     1.16002
        hsgXage2 |  -.0289669   .0146223    -1.98   0.048    -.0576263   -.0003076
        hsgXage3 |   .0006764   .0003702     1.83   0.068    -.0000491    .0014019
        hsgXage4 |  -7.70e-06   4.56e-06    -1.69   0.091    -.0000166    1.23e-06
        hsgXage5 |   3.41e-08   2.19e-08     1.56   0.120    -8.86e-09    7.70e-08
        smc1Xage |   -.392838   .2951498    -1.33   0.183    -.9713229    .1856469
       smc1Xage2 |   .0225235   .0154205     1.46   0.144    -.0077002    .0527472
       smc1Xage3 |  -.0005878   .0003914    -1.50   0.133     -.001355    .0001794
       smc1Xage4 |   7.25e-06   4.84e-06     1.50   0.134    -2.23e-06    .0000167
       smc1Xage5 |  -3.45e-08   2.33e-08    -1.48   0.139    -8.01e-08    1.12e-08
        smc2Xage |   .5366401   .3670336     1.46   0.144    -.1827348    1.256015
       smc2Xage2 |   -.021514   .0190816    -1.13   0.260    -.0589134    .0158855
       smc2Xage3 |   .0004075    .000483     0.84   0.399    -.0005392    .0013542
       smc2Xage4 |  -3.52e-06   5.96e-06    -0.59   0.555    -.0000152    8.16e-06
       smc2Xage5 |   1.03e-08   2.87e-08     0.36   0.721    -4.60e-08    6.65e-08
         colXage |  -1.053669   .3286102    -3.21   0.001    -1.697735   -.4096028
        colXage2 |   .0566545   .0168973     3.35   0.001     .0235362    .0897728
        colXage3 |   -.001423   .0004233    -3.36   0.001    -.0022527   -.0005932
        colXage4 |    .000017   5.17e-06     3.29   0.001     6.89e-06    .0000272
        colXage5 |  -7.86e-08   2.47e-08    -3.18   0.001    -1.27e-07   -3.02e-08
         kidXage |  -.0089042   .0151889    -0.59   0.558    -.0386741    .0208657
        kidXage2 |  -.0002768   .0015479    -0.18   0.858    -.0033106    .0027571
        kidXage3 |     .00006   .0000572     1.05   0.295    -.0000522    .0001722
        kidXage4 |  -1.62e-06   9.13e-07    -1.78   0.076    -3.41e-06    1.69e-07
        kidXage5 |   1.23e-08   5.32e-09     2.30   0.021     1.83e-09    2.27e-08
  hsgXageXfemale |  -.0248369   .0359047    -0.69   0.489     -.095209    .0455353
 hsgXage2Xfemale |   .0019153   .0036311     0.53   0.598    -.0052016    .0090322
 hsgXage3Xfemale |  -.0000528   .0001329    -0.40   0.691    -.0003132    .0002076
 hsgXage4Xfemale |   5.71e-07   2.09e-06     0.27   0.785    -3.53e-06    4.67e-06
 hsgXage5Xfemale |  -1.81e-09   1.20e-08    -0.15   0.880    -2.53e-08    2.17e-08
 smc1XageXfemale |   .0087954   .0374631     0.23   0.814     -.064631    .0822219
smc1Xage2Xfemale |  -.0006729   .0038086    -0.18   0.860    -.0081376    .0067917
smc1Xage3Xfemale |   .0000137     .00014     0.10   0.922    -.0002607    .0002881
smc1Xage4Xfemale |  -7.09e-08   2.21e-06    -0.03   0.974    -4.41e-06    4.27e-06
smc1Xage5Xfemale |  -1.42e-10   1.27e-08    -0.01   0.991    -2.51e-08    2.48e-08
 smc2XageXfemale |   .0008133   .0468062     0.02   0.986    -.0909254    .0925521
smc2Xage2Xfemale |  -.0010476   .0047142    -0.22   0.824    -.0102873     .008192
smc2Xage3Xfemale |   .0000687   .0001722     0.40   0.690    -.0002688    .0004062
smc2Xage4Xfemale |  -1.50e-06   2.71e-06    -0.55   0.580    -6.82e-06    3.81e-06
smc2Xage5Xfemale |   1.08e-08   1.56e-08     0.69   0.489    -1.98e-08    4.13e-08
  colXageXfemale |  -.0868383   .0416829    -2.08   0.037    -.1685356    -.005141
 colXage2Xfemale |     .00899    .004173     2.15   0.031      .000811     .017169
 colXage3Xfemale |  -.0003353   .0001516    -2.21   0.027    -.0006324   -.0000382
 colXage4Xfemale |   5.35e-06   2.38e-06     2.25   0.024     6.91e-07      .00001
 colXage5Xfemale |  -3.09e-08   1.36e-08    -2.28   0.023    -5.75e-08   -4.29e-09
  kidXageXfemale |   .0340751    .022242     1.53   0.126    -.0095186    .0776689
 kidXage2Xfemale |  -.0028315   .0022717    -1.25   0.213    -.0072839    .0016209
 kidXage3Xfemale |   .0000677   .0000841     0.81   0.421    -.0000972    .0002327
 kidXage4Xfemale |  -5.39e-07   1.34e-06    -0.40   0.689    -3.17e-06    2.10e-06
 kidXage5Xfemale |   6.30e-10   7.84e-09     0.08   0.936    -1.47e-08    1.60e-08
          female |   2.091457   1.357783     1.54   0.123    -.5697573    4.752672
             hsg |  -4.792819   2.091923    -2.29   0.022    -8.892925   -.6927126
            smc1 |    2.75932   2.193035     1.26   0.208    -1.538964    7.057604
            smc2 |  -4.633454   2.747458    -1.69   0.092    -10.01839    .7514823
             col |   7.880587   2.489638     3.17   0.002      3.00097     12.7602
                 |
            year |
           2001  |   .0516582   .0036197    14.27   0.000     .0445636    .0587528
           2002  |   .0826154   .0036387    22.70   0.000     .0754836    .0897471
           2003  |   .0955905    .003647    26.21   0.000     .0884425    .1027384
           2004  |   .1220969   .0036602    33.36   0.000      .114923    .1292707
                 |
           _cons |  -4.481996   1.879466    -2.38   0.017    -8.165692   -.7982991
----------------------------------------------------------------------------------

. predict wage_resid, resid
(669,116 missing values generated)

. 
. drop age2-age5 *Xage*

. 
. gen wage_empl = wage if any_empl == 1
(1,535,353 missing values generated)

. 
. ************************************************************
. **   Generate "type" variables
. ************************************************************
. 
. gen type0 = 1

. gen type1 = (sex == 2)

. gen type2 = ///
>  0 * (age >= 21 & age < 40) + ///
>  1 * (age >= 40 & age < 65)

. gen type3 = (educ >= 73)

. 
. ** Health: 1 is Excellent, 5 is Poor
. tab health , miss

     Health |
     status |      Freq.     Percent        Cum.
------------+-----------------------------------
          1 |    465,008       19.33       19.33
          2 |    547,017       22.74       42.06
          3 |    414,854       17.24       59.31
          4 |    132,289        5.50       64.81
          5 |     55,124        2.29       67.10
          . |    791,605       32.90      100.00
------------+-----------------------------------
      Total |  2,405,897      100.00

. gen type4 = (health >= 3) 

. gen type5 = (health >= 2) 

. gen type6 = (health >= 2) 

. sum type4 type5 type6

    Variable |        Obs        Mean    Std. dev.       Min        Max
-------------+---------------------------------------------------------
       type4 |  2,405,897    .5793565    .4936625          0          1
       type5 |  2,405,897    .8067216    .3948695          0          1
       type6 |  2,405,897    .8067216    .3948695          0          1

. 
. gen type9 = has_spouse 

. 
. if (`1' == 7) {
.  keep if has_spouse == 1
. }

. gen type7 = (sex == 2)

. 
. if (`1' == 8) {
.  keep if has_spouse == 0
. }

. gen type8 = (sex == 2)

. 
. **
. ** DD type (use same "prepare-data" to keep same sample restrictions)
. **
. gen type10 = 1

. gen type11 = 1

. if (`1' == 10 | `1' == 11) {
.         replace kid = 0
. }

. 
. ************************************************************
. **   Describe health status
. ************************************************************
. 
. ** To answer one referee request, we need to tabulate health status.
. ** Recall, that 1 indicates "excellent."
. tab health

     Health |
     status |      Freq.     Percent        Cum.
------------+-----------------------------------
          1 |    465,008       28.81       28.81
          2 |    547,017       33.89       62.69
          3 |    414,854       25.70       88.39
          4 |    132,289        8.19       96.59
          5 |     55,124        3.41      100.00
------------+-----------------------------------
      Total |  1,614,292      100.00

. 
. tab health if any_public == 1

     Health |
     status |      Freq.     Percent        Cum.
------------+-----------------------------------
          1 |     31,866       15.10       15.10
          2 |     44,934       21.29       36.38
          3 |     58,089       27.52       63.90
          4 |     45,170       21.40       85.30
          5 |     31,039       14.70      100.00
------------+-----------------------------------
      Total |    211,098      100.00

. 
. tab health if statefip == 47

     Health |
     status |      Freq.     Percent        Cum.
------------+-----------------------------------
          1 |      5,315       25.29       25.29
          2 |      6,275       29.85       55.14
          3 |      5,975       28.43       83.57
          4 |      2,216       10.54       94.11
          5 |      1,238        5.89      100.00
------------+-----------------------------------
      Total |     21,019      100.00

. 
. tab health if any_public == 1 & statefip == 47

     Health |
     status |      Freq.     Percent        Cum.
------------+-----------------------------------
          1 |        517       12.77       12.77
          2 |        735       18.16       30.94
          3 |      1,098       27.13       58.07
          4 |        906       22.39       80.45
          5 |        791       19.55      100.00
------------+-----------------------------------
      Total |      4,047      100.00

. 
. tab health if year == 2005

     Health |
     status |      Freq.     Percent        Cum.
------------+-----------------------------------
          1 |     30,535       28.74       28.74
          2 |     36,324       34.18       62.92
          3 |     27,157       25.56       88.47
          4 |      8,689        8.18       96.65
          5 |      3,558        3.35      100.00
------------+-----------------------------------
      Total |    106,263      100.00

. 
. tab health if year == 2005 & any_public == 1

     Health |
     status |      Freq.     Percent        Cum.
------------+-----------------------------------
          1 |      2,180       15.45       15.45
          2 |      3,083       21.86       37.31
          3 |      3,812       27.02       64.33
          4 |      2,985       21.16       85.50
          5 |      2,046       14.50      100.00
------------+-----------------------------------
      Total |     14,106      100.00

. 
. tab health if year == 2005 & statefip == 47

     Health |
     status |      Freq.     Percent        Cum.
------------+-----------------------------------
          1 |        391       27.08       27.08
          2 |        439       30.40       57.48
          3 |        392       27.15       84.63
          4 |        141        9.76       94.39
          5 |         81        5.61      100.00
------------+-----------------------------------
      Total |      1,444      100.00

. 
. ************************************************************
. **   Collapse to (DD) cells
. ************************************************************
. 
. if (`1' < 13) {
. 
.         preserve
. 
.                 foreach var of varlist any_public working* any_private hrs_lw_* {
  2.                  gen se_`var' = `var'
  3.                 }
. 
.                 tempfile rest
.                 save `rest'
file /var/folders/3q/0zvdx8pd3sgg3pb2x91t3qp80000gn/T//S_21328.000003 saved as .dta format
. 
.                 ** Extract the working variable separately
.                 ** since it requires a separate weight
.                         collapse ///
>                           (sum) wtsupp (semean) se_working* se_hrs_lw* ///
>                           (mean) working* unemp ilf hrs_lw_* hrswork wage* ///
>                         [aw = wtsupp] , by(year statefip) fast
. 
.                         tempfile workingDD
.                         save `workingDD'
file /var/folders/3q/0zvdx8pd3sgg3pb2x91t3qp80000gn/T//S_21328.000004 saved as .dta format
. 
. 
.                 use `rest'
.                 ** Note: the weight hinswt is designed solely for the insurance variables
.                 collapse (sum) hinswt (mean) any_* ///
>                       (semean) se_any_* ///
>                       [aw = hinswt], by(year statefip) fast
. 
.                 ** Redo year for health variables (NOT labor supply variables)
.                 replace year = year - 1
(1,275 real changes made)
. 
.                 sort year statefip
.                 merge 1:1 year statefip using `workingDD'

    Result                      Number of obs
    -----------------------------------------
    Not matched                           102
        from master                         0  (_merge==1)
        from using                        102  (_merge==2)

    Matched                             1,275  (_merge==3)
    -----------------------------------------
.                 tab _merge

   Matching result from |
                  merge |      Freq.     Percent        Cum.
------------------------+-----------------------------------
         Using only (2) |        102        7.41        7.41
            Matched (3) |      1,275       92.59      100.00
------------------------+-----------------------------------
                  Total |      1,377      100.00
.                 drop _merge
. 
.         save ../dta/cps_DD_FINAL.dta, replace
file ../dta/cps_DD_FINAL.dta saved
. 
.         restore
. }

. 
. ************************************************************
. **   Collapse to (DDD) cells
. ************************************************************
. 
. if (`1' < 13) {
. 
.         foreach var of varlist any_public working* any_private hrs_lw_* {
  2.                 gen se_`var' = `var'
  3.         }
. 
.         ** Extract the working variable separately
.         ** since it requires a separate weight
.         preserve
.                 collapse ///
>                   (sum) wtsupp (semean) se_working* se_hrs_lw* ///
>                   (mean) working* unemp ilf hrs_lw_* hrswork wage* ///
>                 [aw = wtsupp] , by(year statefip kid type`1') fast
. 
.                 tempfile working
.                 save `working'
file /var/folders/3q/0zvdx8pd3sgg3pb2x91t3qp80000gn/T//S_21328.000006 saved as .dta format
. 
.         restore
. 
. 
.         ** Note: the weight hinswt is designed solely for the insurance variables
.         collapse (sum) hinswt (mean) any_* ///
>               (semean) se_any_* ///
>               [aw = hinswt], by(year statefip kid type`1') fast
. 
.         ** Redo year for health variables (NOT labor supply variables)
.         replace year = year - 1
(2,550 real changes made)
. 
.         sort year statefip kid type`1'
.         merge 1:1 year statefip kid type`1' using `working'

    Result                      Number of obs
    -----------------------------------------
    Not matched                           204
        from master                         0  (_merge==1)
        from using                        204  (_merge==2)

    Matched                             2,550  (_merge==3)
    -----------------------------------------
.         tab _merge

   Matching result from |
                  merge |      Freq.     Percent        Cum.
------------------------+-----------------------------------
         Using only (2) |        204        7.41        7.41
            Matched (3) |      2,550       92.59      100.00
------------------------+-----------------------------------
                  Total |      2,754      100.00
.         drop _merge
. 
.         save ../dta/cps_DDD_FINAL.dta, replace
file ../dta/cps_DDD_FINAL.dta saved
. 
. }

. 
. 
. if (`1' == 13) {
.   save ../dta/cps_MICRO_FINAL.dta, replace
. }

. 
end of do-file

. *exit
. use ../dta/cps_DDD_FINAL.dta, clear

. 
. ************************************************************
. **   Prpare for simple difference-in-difference regressions
. ************************************************************
. 
. gen south = ///
>  (statefip == 54 | statefip == 24 | statefip == 10 | statefip == 11 | ///
>   statefip == 21 | statefip == 47 | ///
>   statefip == 37 | statefip == 51 | statefip == 45 | statefip == 13 | ///
>   statefip ==  5 | statefip == 22 | statefip == 48 | statefip == 40 | ///
>   statefip ==  1 | statefip == 28 | statefip == 12 )

. 
. tab year, missing

Survey year |      Freq.     Percent        Cum.
------------+-----------------------------------
       1986 |        102        3.70        3.70
       1987 |        102        3.70        7.41
       1988 |        102        3.70       11.11
       1989 |        102        3.70       14.81
       1990 |        102        3.70       18.52
       1991 |        102        3.70       22.22
       1992 |        102        3.70       25.93
       1993 |        102        3.70       29.63
       1994 |        102        3.70       33.33
       1995 |        102        3.70       37.04
       1996 |        102        3.70       40.74
       1997 |        102        3.70       44.44
       1998 |        102        3.70       48.15
       1999 |        102        3.70       51.85
       2000 |        102        3.70       55.56
       2001 |        102        3.70       59.26
       2002 |        102        3.70       62.96
       2003 |        102        3.70       66.67
       2004 |        102        3.70       70.37
       2005 |        102        3.70       74.07
       2006 |        102        3.70       77.78
       2007 |        102        3.70       81.48
       2008 |        102        3.70       85.19
       2009 |        102        3.70       88.89
       2010 |        102        3.70       92.59
       2011 |        102        3.70       96.30
       2012 |        102        3.70      100.00
------------+-----------------------------------
      Total |      2,754      100.00

. tab statefip

State (FIPS |
      code) |      Freq.     Percent        Cum.
------------+-----------------------------------
          1 |         54        1.96        1.96
          2 |         54        1.96        3.92
          4 |         54        1.96        5.88
          5 |         54        1.96        7.84
          6 |         54        1.96        9.80
          8 |         54        1.96       11.76
          9 |         54        1.96       13.73
         10 |         54        1.96       15.69
         11 |         54        1.96       17.65
         12 |         54        1.96       19.61
         13 |         54        1.96       21.57
         15 |         54        1.96       23.53
         16 |         54        1.96       25.49
         17 |         54        1.96       27.45
         18 |         54        1.96       29.41
         19 |         54        1.96       31.37
         20 |         54        1.96       33.33
         21 |         54        1.96       35.29
         22 |         54        1.96       37.25
         23 |         54        1.96       39.22
         24 |         54        1.96       41.18
         25 |         54        1.96       43.14
         26 |         54        1.96       45.10
         27 |         54        1.96       47.06
         28 |         54        1.96       49.02
         29 |         54        1.96       50.98
         30 |         54        1.96       52.94
         31 |         54        1.96       54.90
         32 |         54        1.96       56.86
         33 |         54        1.96       58.82
         34 |         54        1.96       60.78
         35 |         54        1.96       62.75
         36 |         54        1.96       64.71
         37 |         54        1.96       66.67
         38 |         54        1.96       68.63
         39 |         54        1.96       70.59
         40 |         54        1.96       72.55
         41 |         54        1.96       74.51
         42 |         54        1.96       76.47
         44 |         54        1.96       78.43
         45 |         54        1.96       80.39
         46 |         54        1.96       82.35
         47 |         54        1.96       84.31
         48 |         54        1.96       86.27
         49 |         54        1.96       88.24
         50 |         54        1.96       90.20
         51 |         54        1.96       92.16
         53 |         54        1.96       94.12
         54 |         54        1.96       96.08
         55 |         54        1.96       98.04
         56 |         54        1.96      100.00
------------+-----------------------------------
      Total |      2,754      100.00

. 
. gen byte tn = (statefip == 47)

. gen byte post = year >= 2006

. gen byte tn_X_post = tn * post

. 
. ************************************************************
. **   Create histograms of state-year changes, FP
. **   All US
. ************************************************************
. 
. tempfile workingdata

. save `workingdata'
file /var/folders/3q/0zvdx8pd3sgg3pb2x91t3qp80000gn/T//S_21328.000002 saved as .dta format

. 
. use `workingdata' , clear

. 
. gen nokid = 1 - kid

. 
. codebook statefip

--------------------------------------------------------------------------------------------------------------------------------------------------------------------------------------------------------
statefip                                                                                                                                                                               State (FIPS code)
--------------------------------------------------------------------------------------------------------------------------------------------------------------------------------------------------------

                  Type: Numeric (byte)

                 Range: [1,56]                        Units: 1
         Unique values: 51                        Missing .: 0/2,754

                  Mean: 28.9608
             Std. dev.: 15.6797

           Percentiles:     10%       25%       50%       75%       90%
                              8        16        29        42        50

. 
. keep if year >= 2000 & year <= 2011
(1,530 observations deleted)

. 
. replace year = 2 * floor(year / 2)
(612 real changes made)

. collapse (mean) any_public any_private working, by(statefip year nokid)

. 
. keep if nokid == 1
(306 observations deleted)

. 
. sort statefip nokid year

. by statefip nokid: gen diff1 = any_public - any_public[_n-1]
(51 missing values generated)

. by statefip nokid: gen diff2 = working - working[_n-1]
(51 missing values generated)

. by statefip nokid: gen diff3 = any_private - any_private[_n-1]
(51 missing values generated)

. 
. list statefip nokid year diff* if statefip == 47 & nokid == 1

     +-------------------------------------------------------------+
     | statefip   nokid   year       diff1       diff2       diff3 |
     |-------------------------------------------------------------|
253. |       47       1   2000           .           .           . |
254. |       47       1   2002    .0101425   -.0367646   -.0150885 |
255. |       47       1   2004    .0112983   -.0183123   -.0475747 |
256. |       47       1   2006   -.0627887    .0586477    .0524651 |
257. |       47       1   2008    .0160983   -.0396429   -.0590333 |
     |-------------------------------------------------------------|
258. |       47       1   2010    .0237682    .0025642    .0187974 |
     +-------------------------------------------------------------+

. summ diff*, det

                            diff1
-------------------------------------------------------------
      Percentiles      Smallest
 1%    -.0356433      -.0627887
 5%    -.0215197      -.0446413
10%    -.0146735      -.0356433       Obs                 255
25%    -.0011062      -.0353837       Sum of wgt.         255

50%      .009626                      Mean           .0092319
                        Largest       Std. dev.      .0189695
75%     .0194319       .0520105
90%     .0349946       .0528212       Variance       .0003598
95%     .0449263       .0618707       Skewness      -.0209261
99%     .0528212       .0676589       Kurtosis       3.934209

                            diff2
-------------------------------------------------------------
      Percentiles      Smallest
 1%    -.0640581      -.0675693
 5%    -.0514194      -.0673679
10%    -.0427042      -.0640581       Obs                 255
25%    -.0283382      -.0600799       Sum of wgt.         255

50%    -.0112613                      Mean          -.0114118
                        Largest       Std. dev.      .0235226
75%     .0052779       .0382844
90%     .0173916       .0419829       Variance       .0005533
95%     .0251009       .0488798       Skewness        .037283
99%     .0419829       .0586477       Kurtosis       2.747302

                            diff3
-------------------------------------------------------------
      Percentiles      Smallest
 1%    -.0665995      -.0800763
 5%    -.0526133      -.0706129
10%    -.0472813      -.0665995       Obs                 255
25%    -.0314472      -.0665584       Sum of wgt.         255

50%    -.0160443                      Mean          -.0161136
                        Largest       Std. dev.      .0242536
75%    -.0010348       .0524651
90%     .0133501       .0534735       Variance       .0005882
95%       .02487       .0575051       Skewness       .2898556
99%     .0534735       .0629759       Kurtosis       3.322744

. 
. list statefip nokid year diff* if diff2 > 0.5 & diff1 < .

. 
. gen count = 1

. 
. gen treat =  (statefip == 47 & nokid == 1 & year == 2006)

. 
. preserve

.         replace diff1 = diff2
(255 real changes made)

. 
.         replace count = 40 if (statefip == 47 & nokid == 1 & year == 2006)
(1 real change made)

.         replace diff1 = 0.005 * floor(diff1 / 0.005) if (statefip != 47 | nokid != 1 | year != 2006)
(254 real changes made)

.         summ diff1, det

                            diff1
-------------------------------------------------------------
      Percentiles      Smallest
 1%        -.065           -.07
 5%        -.055           -.07
10%        -.045          -.065       Obs                 255
25%         -.03          -.065       Sum of wgt.         255

50%        -.015                      Mean           -.013868
                        Largest       Std. dev.       .023617
75%         .005           .035
90%         .015            .04       Variance       .0005578
95%         .025           .045       Skewness       .0493726
99%          .04       .0586477       Kurtosis        2.75941

.         collapse (sum) count, by(treat diff1)

.         drop if missing(diff1)
(1 observation deleted)

.         gen height = count

.         replace diff1 = diff1 + 0.0025 if treat == 0
(24 real changes made)

.         twoway (bar height diff1 if (treat == 0), barwidth(0.005) fcolor(gs10) ) ///
>                (bar height diff1 if (treat == 1), barwidth(0.0005) color(gs4) ), ///
>                 xlabel(-0.08(0.02)0.08) ///
>                 ylabel(0(5)40) yscale(r(-0.001 40.001)) ///
>                 ylabel(, nogrid angle(horizontal)  ) ///
>                 scheme(s2mono) ///
>                 graphregion(fcolor(white)) ///
>                 aspectratio(`inv_golden_ratio') ///
>                 legend(off) ///
>                 yscale( nofextend ) xscale(nofextend) ///
>                 xtitle(" ") ytitle(" ") 

.         graph save ../gph/working_histo-allus.gph , replace
file ../gph/working_histo-allus.gph saved

.  restore

. 
. preserve

.         replace count = 40 if (statefip == 47 & nokid == 1 & year == 2006)
(1 real change made)

.         replace diff3 = 0.005 * floor(diff3 / 0.005) if (statefip != 47 | nokid != 1 | year != 2006)
(254 real changes made)

.         summ diff3, det

                            diff3
-------------------------------------------------------------
      Percentiles      Smallest
 1%         -.07          -.085
 5%        -.055          -.075
10%         -.05           -.07       Obs                 255
25%        -.035           -.07       Sum of wgt.         255

50%         -.02                      Mean          -.0186962
                        Largest       Std. dev.      .0242824
75%        -.005            .05
90%          .01       .0524651       Variance       .0005896
95%          .02           .055       Skewness        .278797
99%     .0524651            .06       Kurtosis        3.37964

.         collapse (sum) count, by(treat diff3)

.         drop if missing(diff3)
(1 observation deleted)

.         gen height = count

.         replace diff3 = diff3 + 0.0025 if treat == 0
(27 real changes made)

.         twoway (bar height diff3 if (treat == 0), barwidth(0.005) fcolor(gs10) ) ///
>                (bar height diff3 if (treat == 1), barwidth(0.0005) color(gs4) ), ///
>                 xlabel(-0.08(0.02)0.08) ///
>                 ylabel(0(5)40) yscale(r(-0.001 40.001)) ///
>                 ylabel(, nogrid angle(horizontal)  ) ///
>                 scheme(s2mono) ///
>                 graphregion(fcolor(white)) ///
>                 aspectratio(`inv_golden_ratio') ///
>                 legend(off) ///
>                 yscale( nofextend ) xscale(nofextend) ///
>                 xtitle(" ") ytitle(" ") 

.         graph save ../gph/any_private_histo-allus.gph , replace
file ../gph/any_private_histo-allus.gph saved

. restore

. 
. preserve

.         replace count = 40 if (statefip == 47 & nokid == 1 & year == 2006)
(1 real change made)

.         replace diff1 = 0.005 * floor(diff1 / 0.005) if (statefip != 47 | nokid != 1 | year != 2006)
(254 real changes made)

.         summ diff1, det

                            diff1
-------------------------------------------------------------
      Percentiles      Smallest
 1%         -.04      -.0627887
 5%        -.025          -.045
10%        -.015           -.04       Obs                 255
25%        -.005           -.04       Sum of wgt.         255

50%         .005                      Mean           .0067146
                        Largest       Std. dev.      .0190803
75%         .015            .05
90%          .03            .05       Variance       .0003641
95%          .04            .06       Skewness       .0266576
99%          .05           .065       Kurtosis       3.797189

.         collapse (sum) count, by(treat diff1)

.         drop if missing(diff1)
(1 observation deleted)

.         gen height = count

.         replace diff1 = diff1 + 0.0025 if treat == 0
(22 real changes made)

.         twoway (bar height diff1 if (treat == 0), barwidth(0.005) fcolor(gs10) ) ///
>                (bar height diff1 if (treat == 1), barwidth(0.0005) color(gs6) ), ///
>                 xlabel(-0.08(0.02)0.08) ///
>                 ylabel(0(5)40) yscale(r(-0.001 40.001)) ///
>                 ylabel(, nogrid angle(horizontal)  ) ///
>                 scheme(s2mono) ///
>                 graphregion(fcolor(white)) ///
>                 aspectratio(`inv_golden_ratio') ///
>                 legend(off) ///
>                 yscale( nofextend ) xscale(nofextend) ///
>                 xtitle(" ") ytitle(" ") 

.         graph save ../gph/any_public_histo-allus.gph , replace
file ../gph/any_public_histo-allus.gph saved

. restore

. 
. use `workingdata' , clear

. 
. ************************************************************
. **   Create histograms of state-year changes, FP
. **   South only
. ************************************************************
. 
. tempfile working

. save `working'
file /var/folders/3q/0zvdx8pd3sgg3pb2x91t3qp80000gn/T//S_21328.000006 saved as .dta format

. 
. 
. use `working' , clear

. 
. gen nokid = 1 - kid

. 
. keep if south == 1
(1,836 observations deleted)

. 
. keep if year >= 2000 & year <= 2011
(510 observations deleted)

. 
. replace year = 2 * floor(year / 2)
(204 real changes made)

. collapse (mean) any_public any_private working, by(statefip year nokid)

. 
. keep if nokid == 1
(102 observations deleted)

. 
. sort statefip nokid year

. by statefip nokid: gen diff1 = any_public - any_public[_n-1]
(17 missing values generated)

. by statefip nokid: gen diff2 = working - working[_n-1]
(17 missing values generated)

. by statefip nokid: gen diff3 = any_private - any_private[_n-1]
(17 missing values generated)

. 
. list statefip nokid year diff* if statefip == 47 & nokid == 1

     +-------------------------------------------------------------+
     | statefip   nokid   year       diff1       diff2       diff3 |
     |-------------------------------------------------------------|
 79. |       47       1   2000           .           .           . |
 80. |       47       1   2002    .0101425   -.0367646   -.0150885 |
 81. |       47       1   2004    .0112983   -.0183123   -.0475747 |
 82. |       47       1   2006   -.0627887    .0586477    .0524651 |
 83. |       47       1   2008    .0160983   -.0396429   -.0590333 |
     |-------------------------------------------------------------|
 84. |       47       1   2010    .0237682    .0025642    .0187974 |
     +-------------------------------------------------------------+

. summ diff*, det

                            diff1
-------------------------------------------------------------
      Percentiles      Smallest
 1%    -.0627887      -.0627887
 5%    -.0275866      -.0446413
10%    -.0190049      -.0331998       Obs                  85
25%    -.0028226      -.0324523       Sum of wgt.          85

50%     .0111183                      Mean           .0099428
                        Largest       Std. dev.      .0229264
75%     .0218363       .0520105
90%     .0364349       .0528212       Variance       .0005256
95%     .0461553       .0618707       Skewness      -.2318362
99%     .0676589       .0676589       Kurtosis       3.707228

                            diff2
-------------------------------------------------------------
      Percentiles      Smallest
 1%    -.0675693      -.0675693
 5%    -.0552127      -.0640581
10%    -.0433925      -.0572792       Obs                  85
25%    -.0310957      -.0568498       Sum of wgt.          85

50%    -.0137182                      Mean          -.0124567
                        Largest       Std. dev.      .0255612
75%     .0089434       .0311704
90%     .0198577       .0340721       Variance       .0006534
95%      .023672       .0419829       Skewness        .147297
99%     .0586477       .0586477       Kurtosis       2.688739

                            diff3
-------------------------------------------------------------
      Percentiles      Smallest
 1%    -.0800763      -.0800763
 5%    -.0590333      -.0665995
10%    -.0484866        -.06567       Obs                  85
25%    -.0368801      -.0602297       Sum of wgt.          85

50%    -.0158123                      Mean          -.0175553
                        Largest       Std. dev.      .0249945
75%    -.0015205        .030836
90%     .0089285        .034426       Variance       .0006247
95%     .0259595       .0364028       Skewness       .1073948
99%     .0524651       .0524651       Kurtosis       3.040833

. 
. list statefip nokid year diff* if diff2 > 0.5 & diff1 < .

. 
. gen count = 1

. 
. gen treat =  (statefip == 47 & nokid == 1 & year == 2006)

. 
. preserve

.         replace diff1 = diff2
(85 real changes made)

. 
.         replace count = 15 if (statefip == 47 & nokid == 1 & year == 2006)
(1 real change made)

.         replace diff1 = 0.005 * floor(diff1 / 0.005) if (statefip != 47 | nokid != 1 | year != 2006)
(84 real changes made)

.         summ diff1, det

                            diff1
-------------------------------------------------------------
      Percentiles      Smallest
 1%         -.07           -.07
 5%         -.06          -.065
10%        -.045           -.06       Obs                  85
25%        -.035           -.06       Sum of wgt.          85

50%        -.015                      Mean          -.0150159
                        Largest       Std. dev.      .0257273
75%         .005            .03
90%         .015            .03       Variance       .0006619
95%          .02            .04       Skewness       .1722908
99%     .0586477       .0586477       Kurtosis       2.764467

.         collapse (sum) count, by(treat diff1)

.         drop if missing(diff1)
(1 observation deleted)

.         gen height = count

.         replace diff1 = diff1 + 0.0025 if treat == 0
(21 real changes made)

.         twoway (bar height diff1 if (treat == 0), barwidth(0.005) fcolor(gs10) ) ///
>                (bar height diff1 if (treat == 1), barwidth(0.0005) color(gs4) ), ///
>                 xlabel(-0.08(0.02)0.08) ///
>                 ylabel(0(5)15) yscale(r(-0.001 15.001)) ///
>                 ylabel(, nogrid angle(horizontal)  ) ///
>                 scheme(s2mono) ///
>                 graphregion(fcolor(white)) ///
>                 aspectratio(`inv_golden_ratio') ///
>                 legend(off) ///
>                 yscale( nofextend ) xscale(nofextend) ///
>                 xtitle(" ") ytitle(" ") 

.         graph save ../gph/working_histo.gph , replace
file ../gph/working_histo.gph saved

.  restore

. 
. preserve

.         replace count = 15 if (statefip == 47 & nokid == 1 & year == 2006)
(1 real change made)

.         replace diff3 = 0.005 * floor(diff3 / 0.005) if (statefip != 47 | nokid != 1 | year != 2006)
(84 real changes made)

.         summ diff3, det

                            diff3
-------------------------------------------------------------
      Percentiles      Smallest
 1%        -.085          -.085
 5%         -.06           -.07
10%         -.05           -.07       Obs                  85
25%         -.04          -.065       Sum of wgt.          85

50%         -.02                      Mean          -.0202651
                        Largest       Std. dev.      .0251354
75%        -.005            .03
90%         .005            .03       Variance       .0006318
95%         .025           .035       Skewness       .1275299
99%     .0524651       .0524651       Kurtosis       3.220948

.         collapse (sum) count, by(treat diff3)

.         drop if missing(diff3)
(1 observation deleted)

.         gen height = count

.         replace diff3 = diff3 + 0.0025 if treat == 0
(22 real changes made)

.         twoway (bar height diff3 if (treat == 0), barwidth(0.005) fcolor(gs10) ) ///
>                (bar height diff3 if (treat == 1), barwidth(0.0005) color(gs4) ), ///
>                 xlabel(-0.08(0.02)0.08) ///
>                 ylabel(0(5)15) yscale(r(-0.001 15.001)) ///
>                 ylabel(, nogrid angle(horizontal)  ) ///
>                 scheme(s2mono) ///
>                 graphregion(fcolor(white)) ///
>                 aspectratio(`inv_golden_ratio') ///
>                 legend(off) ///
>                 yscale( nofextend ) xscale(nofextend) ///
>                 xtitle(" ") ytitle(" ") 

.         graph save ../gph/any_private_histo.gph , replace
file ../gph/any_private_histo.gph saved

. restore

. 
. preserve

.         replace count = 15 if (statefip == 47 & nokid == 1 & year == 2006)
(1 real change made)

.         replace diff1 = 0.005 * floor(diff1 / 0.005) if (statefip != 47 | nokid != 1 | year != 2006)
(84 real changes made)

.         summ diff1, det

                            diff1
-------------------------------------------------------------
      Percentiles      Smallest
 1%    -.0627887      -.0627887
 5%         -.03          -.045
10%         -.02          -.035       Obs                  85
25%        -.005          -.035       Sum of wgt.          85

50%          .01                      Mean           .0076143
                        Largest       Std. dev.      .0227864
75%          .02            .05
90%         .035            .05       Variance       .0005192
95%         .045            .06       Skewness      -.1546998
99%         .065           .065       Kurtosis       3.589868

.         collapse (sum) count, by(treat diff1)

.         drop if missing(diff1)
(1 observation deleted)

.         gen height = count

.         replace diff1 = diff1 + 0.0025 if treat == 0
(21 real changes made)

.         twoway (bar height diff1 if (treat == 0), barwidth(0.005) fcolor(gs10) ) ///
>                (bar height diff1 if (treat == 1), barwidth(0.0005) color(gs6) ), ///
>                 xlabel(-0.08(0.02)0.08) ///
>                 ylabel(0(5)15) yscale(r(-0.001 15.001)) ///
>                 ylabel(, nogrid angle(horizontal)  ) ///
>                 scheme(s2mono) ///
>                 graphregion(fcolor(white)) ///
>                 aspectratio(`inv_golden_ratio') ///
>                 legend(off) ///
>                 yscale( nofextend ) xscale(nofextend) ///
>                 xtitle(" ") ytitle(" ") 

.         graph save ../gph/any_public_histo.gph , replace
file ../gph/any_public_histo.gph saved

. restore

. 
. use `working' , clear

. 
. ************************************************************
. **   Run triple-difference figures for entire US
. ************************************************************
. 
. preserve

.         keep if year >= 2000 & year <= 2007
(1,938 observations deleted)

. 
.         tab state

State (FIPS |
      code) |      Freq.     Percent        Cum.
------------+-----------------------------------
          1 |         16        1.96        1.96
          2 |         16        1.96        3.92
          4 |         16        1.96        5.88
          5 |         16        1.96        7.84
          6 |         16        1.96        9.80
          8 |         16        1.96       11.76
          9 |         16        1.96       13.73
         10 |         16        1.96       15.69
         11 |         16        1.96       17.65
         12 |         16        1.96       19.61
         13 |         16        1.96       21.57
         15 |         16        1.96       23.53
         16 |         16        1.96       25.49
         17 |         16        1.96       27.45
         18 |         16        1.96       29.41
         19 |         16        1.96       31.37
         20 |         16        1.96       33.33
         21 |         16        1.96       35.29
         22 |         16        1.96       37.25
         23 |         16        1.96       39.22
         24 |         16        1.96       41.18
         25 |         16        1.96       43.14
         26 |         16        1.96       45.10
         27 |         16        1.96       47.06
         28 |         16        1.96       49.02
         29 |         16        1.96       50.98
         30 |         16        1.96       52.94
         31 |         16        1.96       54.90
         32 |         16        1.96       56.86
         33 |         16        1.96       58.82
         34 |         16        1.96       60.78
         35 |         16        1.96       62.75
         36 |         16        1.96       64.71
         37 |         16        1.96       66.67
         38 |         16        1.96       68.63
         39 |         16        1.96       70.59
         40 |         16        1.96       72.55
         41 |         16        1.96       74.51
         42 |         16        1.96       76.47
         44 |         16        1.96       78.43
         45 |         16        1.96       80.39
         46 |         16        1.96       82.35
         47 |         16        1.96       84.31
         48 |         16        1.96       86.27
         49 |         16        1.96       88.24
         50 |         16        1.96       90.20
         51 |         16        1.96       92.16
         53 |         16        1.96       94.12
         54 |         16        1.96       96.08
         55 |         16        1.96       98.04
         56 |         16        1.96      100.00
------------+-----------------------------------
      Total |        816      100.00

.         codebook state

--------------------------------------------------------------------------------------------------------------------------------------------------------------------------------------------------------
statefip                                                                                                                                                                               State (FIPS code)
--------------------------------------------------------------------------------------------------------------------------------------------------------------------------------------------------------

                  Type: Numeric (byte)

                 Range: [1,56]                        Units: 1
         Unique values: 51                        Missing .: 0/816

                  Mean: 28.9608
             Std. dev.: 15.6865

           Percentiles:     10%       25%       50%       75%       90%
                              8        16        29        42        50

. 
.         ** Given small cells, we present the raw data in two-year means
.         tab year

Survey year |      Freq.     Percent        Cum.
------------+-----------------------------------
       2000 |        102       12.50       12.50
       2001 |        102       12.50       25.00
       2002 |        102       12.50       37.50
       2003 |        102       12.50       50.00
       2004 |        102       12.50       62.50
       2005 |        102       12.50       75.00
       2006 |        102       12.50       87.50
       2007 |        102       12.50      100.00
------------+-----------------------------------
      Total |        816      100.00

.         replace year = 2 * floor(year / 2)
(408 real changes made)

.         tab year

Survey year |      Freq.     Percent        Cum.
------------+-----------------------------------
       2000 |        204       25.00       25.00
       2002 |        204       25.00       50.00
       2004 |        204       25.00       75.00
       2006 |        204       25.00      100.00
------------+-----------------------------------
      Total |        816      100.00

. 
.         collapse (mean) any_p* any_coverage any_empl any_m* working, by(year tn kid)

.         sort tn kid year

.         list

     +-------------------------------------------------------------------------------------------------------------------+
     | year   kid   tn   any_pu~c   any_pr~e   any_~_wk   any_~owk   any_co~e   any_empl   any_mc~d   any_mc~e   working |
     |-------------------------------------------------------------------------------------------------------------------|
  1. | 2000     0    0    .113141    .684396    .606554    .164405     .84608   .6901194   .0538633   .0485267   .726476 |
  2. | 2002     0    0    .120368    .655474     .57973    .158918    .824572   .6637778   .0576785   .0505363   .707904 |
  3. | 2004     0    0      .1315    .643555    .570967    .154926    .816184   .6456122   .0640218   .0525419   .706092 |
  4. | 2006     0    0    .138777    .643314    .573653    .150256    .819406   .6449713    .067173   .0571414   .708191 |
  5. | 2000     1    0    .105826    .705902    .625726    .138092    .840545   .7178615    .075131   .0162102    .76531 |
     |-------------------------------------------------------------------------------------------------------------------|
  6. | 2002     1    0    .121039    .666287    .588328    .134897    .821776   .6839845   .0895305   .0174973   .744383 |
  7. | 2004     1    0     .13815    .660272    .586959    .132556    .822126    .671554   .1021827    .017795   .740714 |
  8. | 2006     1    0    .134873    .652185    .580518    .127797    .811884   .6622279   .0999291   .0191249   .742691 |
  9. | 2000     0    1    .185358    .633572    .545597     .16591    .857158   .6325728   .1344079   .0755974   .694204 |
 10. | 2002     0    1    .195501    .618484    .536185    .164508    .863692   .6277735   .1309183   .0811953    .65744 |
     |-------------------------------------------------------------------------------------------------------------------|
 11. | 2004     0    1    .206799    .570909    .510558    .144885    .818857   .5689119   .1140734   .0768757   .639127 |
 12. | 2006     0    1     .14401    .623374    .541774    .152228    .790728   .6189651   .0646041    .061703   .697775 |
 13. | 2000     1    1    .190723    .684769    .583791    .144611    .874392   .6948216   .1534094   .0193537   .752261 |
 14. | 2002     1    1    .203413     .61398    .529313    .147907    .858821   .6337699   .1688996    .028662   .700028 |
 15. | 2004     1    1    .191201    .603923    .530638    .139185    .817443    .615327    .135235   .0225852   .691286 |
     |-------------------------------------------------------------------------------------------------------------------|
 16. | 2006     1    1    .205096    .593253    .515502    .138686    .818001    .599501   .1387993   .0318335   .703425 |
     +-------------------------------------------------------------------------------------------------------------------+

. 
.         local inv_golden_ratio = 2 / ( sqrt(5) + 1 )

.         twoway ///
>                 (connected any_public year if tn == 0 & kid == 1, lpattern(dash) lcolor(gray) mcolor(red) msymbol(D)) ///
>                 (connected any_public year if tn == 0 & kid == 0, lpattern(dash) lcolor(gray) mcolor(red) msymbol(T)) ///
>                 (connected any_public year if tn == 1 & kid == 1, lpattern(solid) lcolor(gray) mcolor(blue) msymbol(s) ) ///
>                 (connected any_public year if tn == 1 & kid == 0, lpattern(solid) lcolor(gray) mcolor(blue) msymbol(o) ) ///
>                 , ///
>                 ylabel(, nogrid angle(horizontal)  ) ///
>                 scheme(s2mono) ///
>                 graphregion(fcolor(white)) ///
>                 xline(2005) ///
>                 aspectratio(`inv_golden_ratio') ///
>                 legend(off) ///
>                 yscale( nofextend ) xscale(nofextend) ///
>                 xlabel(2000 "2000-2001" 2002 "2002-2003" 2004 "2004-2005" 2006 "2006-07") ///
>                 xtitle(" ") ytitle(" ") 

.          graph save ../gph/any_public_kid-allus.gph, replace
file ../gph/any_public_kid-allus.gph saved

. 
.         local inv_golden_ratio = 2 / ( sqrt(5) + 1 )

.         twoway ///
>                 (connected any_private year if tn == 0 & kid == 1, lpattern(dash) lcolor(gray) mcolor(red) msymbol(D)) /// 
>                 (connected any_private year if tn == 0 & kid == 0, lpattern(dash) lcolor(gray) mcolor(red) msymbol(T)) ///
>                 (connected any_private year if tn == 1 & kid == 1, lpattern(solid) lcolor(gray) mcolor(blue) msymbol(s) ) ///
>                 (connected any_private year if tn == 1 & kid == 0, lpattern(solid) lcolor(gray) mcolor(blue) msymbol(o) ) ///
>                 , ///
>                 ylabel(, nogrid angle(horizontal)  ) ///
>                 scheme(s2mono) ///
>                 aspectratio(`inv_golden_ratio') ///
>                 graphregion(fcolor(white)) ///
>                 xline(2005) ///
>                 legend(off) ///
>                 yscale( nofextend ) xscale(nofextend) ///
>                 xlabel(2000 "2000-2001" 2002 "2002-2003" 2004 "2004-2005" 2006 "2006-07") ///
>                 xtitle(" ") ytitle(" ") 

.         graph save ../gph/any_private_kid-allus.gph, replace
file ../gph/any_private_kid-allus.gph saved

. 
.         local inv_golden_ratio = 2 / ( sqrt(5) + 1 )

.         twoway ///
>                 (connected working year if tn == 0 & kid == 1, lpattern(dash) lcolor(gray) mcolor(red) msymbol(D)) ///
>                 (connected working year if tn == 0 & kid == 0, lpattern(dash) lcolor(gray) mcolor(red) msymbol(T)) ///
>                 (connected working year if tn == 1 & kid == 1, lpattern(solid) lcolor(gray) mcolor(blue) msymbol(s) ) ///
>                 (connected working year if tn == 1 & kid == 0, lpattern(solid) lcolor(gray) mcolor(blue) msymbol(o) ) ///
>                 , ///
>                 ylabel(, nogrid angle(horizontal)  ) ///
>                 scheme(s2mono) ///
>                 graphregion(fcolor(white)) ///
>                 xline(2005) ///
>                 legend(off) ///
>                 yscale( nofextend ) xscale(nofextend) ///
>                 aspectratio(`inv_golden_ratio') ///
>                 xlabel(2000 "2000-2001" 2002 "2002-2003" 2004 "2004-2005" 2006 "2006-07") ///
>                 xtitle(" ") ytitle(" ") 

.         graph save ../gph/working_kid-allus.gph, replace
file ../gph/working_kid-allus.gph saved

. 
. restore

. 
. ************************************************************
. **   Run overall triple-difference figures, FP
. ************************************************************
. 
. preserve

.         keep if south == 1
(1,836 observations deleted)

.         keep if year >= 2000 & year <= 2007
(646 observations deleted)

. 
.         ** Given small cells, we present the raw data in two-year means
.         tab year

Survey year |      Freq.     Percent        Cum.
------------+-----------------------------------
       2000 |         34       12.50       12.50
       2001 |         34       12.50       25.00
       2002 |         34       12.50       37.50
       2003 |         34       12.50       50.00
       2004 |         34       12.50       62.50
       2005 |         34       12.50       75.00
       2006 |         34       12.50       87.50
       2007 |         34       12.50      100.00
------------+-----------------------------------
      Total |        272      100.00

.         replace year = 2 * floor(year / 2)
(136 real changes made)

.         tab year

Survey year |      Freq.     Percent        Cum.
------------+-----------------------------------
       2000 |         68       25.00       25.00
       2002 |         68       25.00       50.00
       2004 |         68       25.00       75.00
       2006 |         68       25.00      100.00
------------+-----------------------------------
      Total |        272      100.00

. 
.         collapse (mean) any_p* any_coverage any_empl any_m* working, by(year tn kid)

.         sort tn kid year

.         list

     +-------------------------------------------------------------------------------------------------------------------+
     | year   kid   tn   any_pu~c   any_pr~e   any_~_wk   any_~owk   any_co~e   any_empl   any_mc~d   any_mc~e   working |
     |-------------------------------------------------------------------------------------------------------------------|
  1. | 2000     0    0    .126542    .660898    .567732    .171484    .825222   .6677005   .0587987   .0588224   .698674 |
  2. | 2002     0    0    .139316    .626849     .54481    .160296    .804178   .6407934   .0612371   .0639353   .681287 |
  3. | 2004     0    0    .149245    .606912    .526914    .149976    .782875   .6128052   .0674742   .0645804   .678575 |
  4. | 2006     0    0    .162992    .611232    .530183    .150772    .793542   .6132974   .0728982   .0739438   .676485 |
  5. | 2000     1    0    .109752     .67691    .594326    .133665    .808744   .6887713   .0750093    .020814   .750634 |
     |-------------------------------------------------------------------------------------------------------------------|
  6. | 2002     1    0    .121885    .630884    .550184    .130665    .779965   .6462773   .0888151   .0239796   .718649 |
  7. | 2004     1    0    .140029    .628635     .54977    .131122    .782953    .640452   .0961998   .0233642   .720483 |
  8. | 2006     1    0    .137573    .611763    .539925    .122497    .767318   .6227353   .0943345   .0257102   .721063 |
  9. | 2000     0    1    .185358    .633572    .545597     .16591    .857158   .6325728   .1344079   .0755974   .694204 |
 10. | 2002     0    1    .195501    .618484    .536185    .164508    .863692   .6277735   .1309183   .0811953    .65744 |
     |-------------------------------------------------------------------------------------------------------------------|
 11. | 2004     0    1    .206799    .570909    .510558    .144885    .818857   .5689119   .1140734   .0768757   .639127 |
 12. | 2006     0    1     .14401    .623374    .541774    .152228    .790728   .6189651   .0646041    .061703   .697775 |
 13. | 2000     1    1    .190723    .684769    .583791    .144611    .874392   .6948216   .1534094   .0193537   .752261 |
 14. | 2002     1    1    .203413     .61398    .529313    .147907    .858821   .6337699   .1688996    .028662   .700028 |
 15. | 2004     1    1    .191201    .603923    .530638    .139185    .817443    .615327    .135235   .0225852   .691286 |
     |-------------------------------------------------------------------------------------------------------------------|
 16. | 2006     1    1    .205096    .593253    .515502    .138686    .818001    .599501   .1387993   .0318335   .703425 |
     +-------------------------------------------------------------------------------------------------------------------+

. 
.         local inv_golden_ratio = 2 / ( sqrt(5) + 1 )

. 
.         twoway ///
>                 (connected any_public year if tn == 0 & kid == 1, lpattern(dash) lcolor(gray) mcolor(red) msymbol(D)) ///
>                 (connected any_public year if tn == 0 & kid == 0, lpattern(dash) lcolor(gray) mcolor(red) msymbol(T)) ///
>                 (connected any_public year if tn == 1 & kid == 1, lpattern(solid) lcolor(gray) mcolor(blue) msymbol(s) ) ///
>                 (connected any_public year if tn == 1 & kid == 0, lpattern(solid) lcolor(gray) mcolor(blue) msymbol(o) ) ///
>                 , ///
>                 ylabel(, nogrid angle(horizontal)  ) ///
>                 scheme(s2mono) ///
>                 graphregion(fcolor(white)) ///
>                 xline(2005) ///
>                 aspectratio(`inv_golden_ratio') ///
>                 legend(off) ///
>                 yscale( nofextend ) xscale(nofextend) ///
>                 xlabel(2000 "2000-2001" 2002 "2002-2003" 2004 "2004-2005" 2006 "2006-07") ///
>                 xtitle(" ") ytitle(" ") 

.          graph save ../gph/any_public_kid.gph, replace
file ../gph/any_public_kid.gph saved

. 
.         twoway ///
>                 (connected any_private year if tn == 0 & kid == 1, lpattern(dash) lcolor(gray) mcolor(red) msymbol(D)) /// 
>                 (connected any_private year if tn == 0 & kid == 0, lpattern(dash) lcolor(gray) mcolor(red) msymbol(T)) ///
>                 (connected any_private year if tn == 1 & kid == 1, lpattern(solid) lcolor(gray) mcolor(blue) msymbol(s) ) ///
>                 (connected any_private year if tn == 1 & kid == 0, lpattern(solid) lcolor(gray) mcolor(blue) msymbol(o) ) ///
>                 , ///
>                 ylabel(, nogrid angle(horizontal)  ) ///
>                 scheme(s2mono) ///
>                 aspectratio(`inv_golden_ratio') ///
>                 graphregion(fcolor(white)) ///
>                 xline(2005) ///
>                 legend(off) ///
>                 yscale( nofextend ) xscale(nofextend) ///
>                 xlabel(2000 "2000-2001" 2002 "2002-2003" 2004 "2004-2005" 2006 "2006-07") ///
>                 xtitle(" ") ytitle(" ") 

.         graph save ../gph/any_private_kid.gph, replace
file ../gph/any_private_kid.gph saved

. 
.         twoway ///
>                 (connected working year if tn == 0 & kid == 1, lpattern(dash) lcolor(gray) mcolor(red) msymbol(D)) ///
>                 (connected working year if tn == 0 & kid == 0, lpattern(dash) lcolor(gray) mcolor(red) msymbol(T)) ///
>                 (connected working year if tn == 1 & kid == 1, lpattern(solid) lcolor(gray) mcolor(blue) msymbol(s) ) ///
>                 (connected working year if tn == 1 & kid == 0, lpattern(solid) lcolor(gray) mcolor(blue) msymbol(o) ) ///
>                 , ///
>                 ylabel(, nogrid angle(horizontal)  ) ///
>                 scheme(s2mono) ///
>                 graphregion(fcolor(white)) ///
>                 xline(2005) ///
>                 legend(off) ///
>                 yscale( nofextend ) xscale(nofextend) ///
>                 aspectratio(`inv_golden_ratio') ///
>                 xlabel(2000 "2000-2001" 2002 "2002-2003" 2004 "2004-2005" 2006 "2006-07") ///
>                 xtitle(" ") ytitle(" ") 

.         graph save ../gph/working_kid.gph, replace
file ../gph/working_kid.gph saved

. 
. restore

. 
. ************************************************************
. **   Long-run triple-difference figures, FP
. ************************************************************
. 
. preserve

. 
.         keep if south == 1
(1,836 observations deleted)

. 
.         keep if year >= 1998 & year <= 2011
(442 observations deleted)

.         replace year = 2 * floor(year / 2)
(238 real changes made)

. 
.         collapse (mean) any_p* any_coverage any_empl any_m* working, by(year tn kid)

.         sort tn kid year

.         list

     +-------------------------------------------------------------------------------------------------------------------+
     | year   kid   tn   any_pu~c   any_pr~e   any_~_wk   any_~owk   any_co~e   any_empl   any_mc~d   any_mc~e   working |
     |-------------------------------------------------------------------------------------------------------------------|
  1. | 1998     0    0    .122682    .655354    .573419    .166221    .819897   .6665161   .0515228   .0538986   .701336 |
  2. | 2000     0    0    .126542    .660898    .567732    .171484    .825222   .6677005   .0587987   .0588224   .698674 |
  3. | 2002     0    0    .139316    .626849     .54481    .160296    .804178   .6407934   .0612371   .0639353   .681287 |
  4. | 2004     0    0    .149245    .606912    .526914    .149976    .782875   .6128052   .0674742   .0645804   .678575 |
  5. | 2006     0    0    .162992    .611232    .530183    .150772    .793542   .6132974   .0728982   .0739438   .676485 |
     |-------------------------------------------------------------------------------------------------------------------|
  6. | 2008     0    0    .171834    .589075    .498116    .156584    .778069   .5890011    .078266   .0755084   .666219 |
  7. | 2010     0    0    .179456    .570787    .486322    .152381    .768215   .5664636   .0879651   .0772597   .634592 |
  8. | 1998     1    0     .11713    .666798    .588753    .131266    .803276   .6777016   .0736693   .0227144   .735742 |
  9. | 2000     1    0    .109752     .67691    .594326    .133665    .808744   .6887713   .0750093    .020814   .750634 |
 10. | 2002     1    0    .121885    .630884    .550184    .130665    .779965   .6462773   .0888151   .0239796   .718649 |
     |-------------------------------------------------------------------------------------------------------------------|
 11. | 2004     1    0    .140029    .628635     .54977    .131122    .782953    .640452   .0961998   .0233642   .720483 |
 12. | 2006     1    0    .137573    .611763    .539925    .122497    .767318   .6227353   .0943345   .0257102   .721063 |
 13. | 2008     1    0    .154148    .591647    .505425    .132523    .759741   .5991884   .1079617   .0272908   .702269 |
 14. | 2010     1    0    .177633    .561627    .482509    .124325    .746441   .5681958   .1240836    .027203    .67434 |
 15. | 1998     0    1    .179886    .638107    .571788    .143691    .864886   .6497046   .1372378   .0507257   .711487 |
     |-------------------------------------------------------------------------------------------------------------------|
 16. | 2000     0    1    .185358    .633572    .545597     .16591    .857158   .6325728   .1344079   .0755974   .694204 |
 17. | 2002     0    1    .195501    .618484    .536185    .164508    .863692   .6277735   .1309183   .0811953    .65744 |
 18. | 2004     0    1    .206799    .570909    .510558    .144885    .818857   .5689119   .1140734   .0768757   .639127 |
 19. | 2006     0    1     .14401    .623374    .541774    .152228    .790728   .6189651   .0646041    .061703   .697775 |
 20. | 2008     0    1    .160109    .564341     .48953    .141423    .766023   .5522857   .0863988   .0724193   .658132 |
     |-------------------------------------------------------------------------------------------------------------------|
 21. | 2010     0    1    .183877    .583138    .495425    .166082    .791264   .5854318   .0782826   .0847537   .660696 |
 22. | 1998     1    1    .185439    .646672    .564455    .147742    .877071   .6600943   .1590506   .0148331    .72478 |
 23. | 2000     1    1    .190723    .684769    .583791    .144611    .874392   .6948216   .1534094   .0193537   .752261 |
 24. | 2002     1    1    .203413     .61398    .529313    .147907    .858821   .6337699   .1688996    .028662   .700028 |
 25. | 2004     1    1    .191201    .603923    .530638    .139185    .817443    .615327    .135235   .0225852   .691286 |
     |-------------------------------------------------------------------------------------------------------------------|
 26. | 2006     1    1    .205096    .593253    .515502    .138686    .818001    .599501   .1387993   .0318335   .703425 |
 27. | 2008     1    1    .218464     .56382    .476358    .136825    .791328    .569729   .1473593   .0351398   .664814 |
 28. | 2010     1    1    .218357    .546301    .469661    .139932    .789946   .5553964   .1673013   .0270437   .657588 |
     +-------------------------------------------------------------------------------------------------------------------+

. 
.         local inv_golden_ratio = 2 / ( sqrt(5) + 1 )

. 
.         twoway ///
>          (connected any_public year if tn == 0 & kid == 1, lpattern(dash) lcolor(gray) mcolor(red) msymbol(D)) ///
>          (connected any_public year if tn == 0 & kid == 0, lpattern(dash) lcolor(gray) mcolor(red) msymbol(T)) ///
>          (connected any_public year if tn == 1 & kid == 1, lpattern(solid) lcolor(gray) mcolor(blue) msymbol(s) ) ///
>          (connected any_public year if tn == 1 & kid == 0, lpattern(solid) lcolor(gray) mcolor(blue) msymbol(o) ) ///
>                 , ///
>                 ylabel(, nogrid angle(horizontal)  ) ///
>                 ylabel(0.12(0.02)0.24) ///
>                 scheme(s2mono) ///
>                 graphregion(fcolor(white)) ///
>                 xline(2005) ///
>                 legend(region(style(none))) ///
>                 aspectratio(`inv_golden_ratio') ///
>                 legend(off) ///
>                 yscale( nofextend ) xscale(nofextend) ///
>                 xlabel(1998 "1998-1999" 2000 "2000-2001" 2002 "2002-2003" 2004 "2004-2005" 2006 "2006-2007" 2008 "2008-2009" 2010 "2010-11") ///
>                 xtitle(" ") ytitle(" ") 

.          graph save ../gph/any_public_kid-longterm.gph, replace
file ../gph/any_public_kid-longterm.gph saved

. 
.         sum any_private 

    Variable |        Obs        Mean    Std. dev.       Min        Max
-------------+---------------------------------------------------------
 any_private |         28    .6133576    .0370975   .5463006   .6847691

.         format any_private %-9.2f

.         local inv_golden_ratio = 2 / ( sqrt(5) + 1 )

. 
.         twoway ///
>          (connected any_private year if tn == 0 & kid == 1, lpattern(dash) lcolor(gray) mcolor(red) msymbol(D)) ///
>          (connected any_private year if tn == 0 & kid == 0, lpattern(dash) lcolor(gray) mcolor(red) msymbol(T)) ///
>          (connected any_private year if tn == 1 & kid == 1, lpattern(solid) lcolor(gray) mcolor(blue) msymbol(s) ) ///
>          (connected any_private year if tn == 1 & kid == 0, lpattern(solid) lcolor(gray) mcolor(blue) msymbol(o) ) ///
>                 , ///
>                 ylabel(, nogrid angle(horizontal)  ) ///
>                 ylabel(0.54(0.02)0.70) ///
>                 scheme(s2mono) ///
>                 graphregion(fcolor(white)) ///
>                 xline(2005) ///
>                 legend(region(style(none))) ///
>                 aspectratio(`inv_golden_ratio') ///
>                 legend(off) ///
>                 yscale( nofextend ) xscale(nofextend) ///
>                 xlabel(1998 "1998-1999" 2000 "2000-2001" 2002 "2002-2003" 2004 "2004-2005" 2006 "2006-2007" 2008 "2008-2009" 2010 "2010-11") ///
>                 xtitle(" ") ytitle(" ") 

.          graph save ../gph/any_private_kid-longterm.gph, replace
file ../gph/any_private_kid-longterm.gph saved

. 
.         twoway ///
>          (connected working year if tn == 0 & kid == 1, lpattern(dash) lcolor(gray) mcolor(red) msymbol(D)) ///
>          (connected working year if tn == 0 & kid == 0, lpattern(dash) lcolor(gray) mcolor(red) msymbol(T)) ///
>          (connected working year if tn == 1 & kid == 1, lpattern(solid) lcolor(gray) mcolor(blue) msymbol(s) ) ///
>          (connected working year if tn == 1 & kid == 0, lpattern(solid) lcolor(gray) mcolor(blue) msymbol(o) ) ///
>                 , ///
>                 ylabel(, nogrid angle(horizontal)  ) ///
>                 ylabel(0.66(0.02)0.78) ///
>                 scheme(s2mono) ///
>                 graphregion(fcolor(white)) ///
>                 xline(2005) ///
>                 legend(region(style(none))) ///
>                 aspectratio(`inv_golden_ratio') ///
>                 legend(off) ///
>                 yscale( nofextend ) xscale(nofextend) ///
>                 xlabel(1998 "1998-1999" 2000 "2000-2001" 2002 "2002-2003" 2004 "2004-2005" 2006 "2006-2007" 2008 "2008-2009" 2010 "2010-11") ///
>                 xtitle(" ") ytitle(" ") 

.          graph save ../gph/working_kid-longterm.gph, replace
file ../gph/working_kid-longterm.gph saved

. 
. restore

. 
. ************************************************************
. **   difference-in-difference plots, FP
. ************************************************************
. 
. preserve

.         keep if south == 1
(1,836 observations deleted)

.         keep if year >= 2000 & year <= 2007
(646 observations deleted)

. 
.         collapse (mean) any_p* any_coverage any_empl any_m* working, by(year tn)

. 
.         tab year, missing

Survey year |      Freq.     Percent        Cum.
------------+-----------------------------------
       2000 |          2       12.50       12.50
       2001 |          2       12.50       25.00
       2002 |          2       12.50       37.50
       2003 |          2       12.50       50.00
       2004 |          2       12.50       62.50
       2005 |          2       12.50       75.00
       2006 |          2       12.50       87.50
       2007 |          2       12.50      100.00
------------+-----------------------------------
      Total |         16      100.00

.         replace year = 2 * floor(year/2)
(8 real changes made)

.         tab year, missing

Survey year |      Freq.     Percent        Cum.
------------+-----------------------------------
       2000 |          4       25.00       25.00
       2002 |          4       25.00       50.00
       2004 |          4       25.00       75.00
       2006 |          4       25.00      100.00
------------+-----------------------------------
      Total |         16      100.00

.         collapse (mean) any_p* any_coverage any_empl any_m* working, by(year tn)

. 
.         sort tn year

.         list

     +-------------------------------------------------------------------------------------------------------------+
     | year   tn   any_pu~c   any_pr~e   any_~_wk   any_~owk   any_co~e   any_empl   any_mc~d   any_mc~e   working |
     |-------------------------------------------------------------------------------------------------------------|
  1. | 2000    0    .118147    .668904    .581029    .152574    .816983   .6782359    .066904   .0398182   .724654 |
  2. | 2002    0    .130601    .628866    .547497    .145481    .792071   .6435354   .0750261   .0439574   .699968 |
  3. | 2004    0    .144637    .617774    .538342    .140549    .782914   .6266286    .081837   .0439723   .699529 |
  4. | 2006    0    .150282    .611497    .535054    .136635     .78043   .6180164   .0836163    .049827   .698774 |
  5. | 2000    1    .188041    .659171    .564694    .155261    .865775   .6636972   .1439086   .0474756   .723233 |
     |-------------------------------------------------------------------------------------------------------------|
  6. | 2002    1    .199457    .616232    .532749    .156208    .861257   .6307717    .149909   .0549286   .678734 |
  7. | 2004    1       .199    .587416    .520598    .142035     .81815   .5921194   .1246542   .0497305   .665207 |
  8. | 2006    1    .174553    .608314    .528638    .145457    .804365    .609233   .1017017   .0467683     .7006 |
     +-------------------------------------------------------------------------------------------------------------+

. 
.         local inv_golden_ratio = 2 / ( sqrt(5) + 1 )

. 
.         twoway ///
>          (connected any_public year if tn == 0, lpattern(dash) lcolor(gray) mcolor(red) msymbol(i) yaxis(1) ) ///
>          (connected any_public year if tn == 1, lpattern(solid) lcolor(gray) mcolor(blue) yaxis(2) msymbol(o) ) ///
>          , /// 
>                 scheme(s2mono) ///
>                 graphregion(fcolor(white)) ///
>                 xline(2005) ///
>                 legend(off) ///
>                 yscale( nofextend ) xscale(nofextend) ///
>                 aspectratio(`inv_golden_ratio') ///
>                 xlabel(2000 "2000-2001" 2002 "2002-2003" 2004 "2004-2005" 2006 "2006-2007") ///
>           ylabel(0.10(0.02)0.18, nogrid axis(1) angle(horizontal) ) ylabel(0.16(0.02)0.24, axis(2) angle(horizontal) ) ///
>                 xtitle(" ") ytitle(" ", axis(1) ) ytitle(" ", axis(2) ) 

.          graph save ../gph/any_public.gph, replace
file ../gph/any_public.gph saved

. 
. 
.         sum any_private if tn == 0

    Variable |        Obs        Mean    Std. dev.       Min        Max
-------------+---------------------------------------------------------
 any_private |          4    .6317602    .0257827   .6114973   .6689038

.         sum any_private if tn == 1

    Variable |        Obs        Mean    Std. dev.       Min        Max
-------------+---------------------------------------------------------
 any_private |          4     .617783    .0301506   .5874159   .6591707

.         format any_private %-9.2f

.         local inv_golden_ratio = 2 / ( sqrt(5) + 1 )

. 
.         twoway ///
>          (connected any_private year if tn == 0, lpattern(dash) lcolor(gray) mcolor(red) msymbol(i) yaxis(1)) ///
>          (connected any_private year if tn == 1, lpattern(solid) lcolor(blue) msymbol(o) mcolor(blue) yaxis(2) ) ///
>          , /// 
>           ylabel(0.60(0.02)0.68, axis(1) nogrid angle(horizontal)) ylabel(0.58(0.02)0.66, axis(2) angle(horizontal)) ///
>                 scheme(s2mono) ///
>                 graphregion(fcolor(white)) ///
>                 xline(2005) ///
>                 aspectratio(`inv_golden_ratio') ///
>                 legend(off) ///
>                 yscale( nofextend ) xscale(nofextend) ///
>                 xlabel(2000 "2000-2001" 2002 "2002-2003" 2004 "2004-2005" 2006 "2006-2007") ///
>                 xtitle(" ") ytitle(" ", axis(1) ) ytitle(" ", axis(2) ) 

. 
.          graph save ../gph/any_private.gph, replace
file ../gph/any_private.gph saved

. 
.         twoway ///
>          (connected working year if tn == 0, lpattern(dash) lcolor(gray) mcolor(red) msymbol(i) yaxis(1)) ///
>          (connected working year if tn == 1, lpattern(solid) lcolor(gray) mcolor(blue) msymbol(o) yaxis(2)) ///
>          , /// 
>           ylabel(0.66(0.02)0.78, axis(1) nogrid angle(horizontal)) ylabel(0.64(0.02)0.76, axis(2) angle(horizontal)) ///
>                 scheme(s2mono) ///
>                 graphregion(fcolor(white)) ///
>                 aspectratio(`inv_golden_ratio') ///
>                 xline(2005) ///
>                 legend(off) ///
>                 yscale( nofextend ) xscale(nofextend) ///
>                 xlabel(2000 "2000-2001" 2002 "2002-2003" 2004 "2004-2005" 2006 "2006-2007") ///
>                 xtitle(" ") ytitle(" ", axis(1) ) ytitle(" ", axis(2) ) 

.          graph save ../gph/working.gph, replace
file ../gph/working.gph saved

. 
. restore

. 
. 
. 
. 
. 
. 
. 
. 
. ************************************************************
. ** "event study" appendix figures
. ************************************************************
. keep if year >= 2000 & year <= 2011
(1,530 observations deleted)

. keep if south == 1
(816 observations deleted)

. 
. gen nokid = 1 - kid

. 
. forvalues y = 2000/2011 {
  2.  gen evt`y' = (year == `y') * (statefip == 47) * nokid
  3. }

. drop evt2000

. 
. xi i.statefip*i.year i.year*i.nokid i.statefip*i.nokid
i.statefip        _Istatefip_1-54     (naturally coded; _Istatefip_1 omitted)
i.year            _Iyear_2000-2011    (naturally coded; _Iyear_2000 omitted)
i.sta~p*i.year    _IstaXyea_#_#       (coded as above)
i.nokid           _Inokid_0-1         (naturally coded; _Inokid_0 omitted)
i.year*i.nokid    _IyeaXnok_#_#       (coded as above)
i.sta~p*i.nokid   _IstaXnok_#_#       (coded as above)

. 
. reg any_public evt* _I*

      Source |       SS           df       MS      Number of obs   =       408
-------------+----------------------------------   F(242, 165)     =     11.29
       Model |  1.03006261       242  .004256457   Prob > F        =    0.0000
    Residual |  .062212995       165  .000377048   R-squared       =    0.9430
-------------+----------------------------------   Adj R-squared   =    0.8595
       Total |  1.09227561       407  .002683724   Root MSE        =    .01942

-----------------------------------------------------------------------------------
       any_public | Coefficient  Std. err.      t    P>|t|     [95% conf. interval]
------------------+----------------------------------------------------------------
          evt2001 |  -.0190781   .0400307    -0.48   0.634    -.0981165    .0599603
          evt2002 |  -.0461302   .0400307    -1.15   0.251    -.1251686    .0329082
          evt2003 |    .020676   .0400307     0.52   0.606    -.0583624    .0997144
          evt2004 |   .0134801   .0400307     0.34   0.737    -.0655583    .0925185
          evt2005 |   .0245167   .0400307     0.61   0.541    -.0545217    .1035551
          evt2006 |  -.0542066   .0400307    -1.35   0.178     -.133245    .0248318
          evt2007 |  -.0935707   .0400307    -2.34   0.021    -.1726091   -.0145323
          evt2008 |  -.0889374   .0400307    -2.22   0.028    -.1679758    -.009899
          evt2009 |  -.0379135   .0400307    -0.95   0.345    -.1169519     .041125
          evt2010 |   -.020373   .0400307    -0.51   0.611    -.0994114    .0586654
          evt2011 |  -.0269992   .0400307    -0.67   0.501    -.1060376    .0520392
     _Istatefip_5 |   .0435237   .0202106     2.15   0.033      .003619    .0834285
    _Istatefip_10 |   .0310486   .0202106     1.54   0.126    -.0088562    .0709534
    _Istatefip_11 |   .1548856   .0202106     7.66   0.000     .1149808    .1947904
    _Istatefip_12 |   .0124492   .0202106     0.62   0.539    -.0274556    .0523539
    _Istatefip_13 |    .017041   .0202106     0.84   0.400    -.0228638    .0569458
    _Istatefip_21 |   .0555986   .0202106     2.75   0.007     .0156938    .0955034
    _Istatefip_22 |    .045244   .0202106     2.24   0.027     .0053392    .0851488
    _Istatefip_24 |   -.008091   .0202106    -0.40   0.689    -.0479958    .0318138
    _Istatefip_28 |    .047317   .0202106     2.34   0.020     .0074122    .0872218
    _Istatefip_37 |   .0428939   .0202106     2.12   0.035     .0029891    .0827987
    _Istatefip_40 |   .0369027   .0202106     1.83   0.070     -.003002    .0768075
    _Istatefip_45 |   .0474629   .0202106     2.35   0.020     .0075582    .0873677
    _Istatefip_47 |   .1165296   .0243328     4.79   0.000     .0684859    .1645734
    _Istatefip_48 |   -.013326   .0202106    -0.66   0.511    -.0532308    .0265788
    _Istatefip_51 |   .0327389   .0202106     1.62   0.107    -.0071658    .0726437
    _Istatefip_54 |   .0380578   .0202106     1.88   0.061     -.001847    .0779626
      _Iyear_2001 |   .0353294   .0200153     1.77   0.079    -.0041898    .0748486
      _Iyear_2002 |   .0309957   .0200153     1.55   0.123    -.0085235    .0705149
      _Iyear_2003 |   .0381209   .0200153     1.90   0.059    -.0013983    .0776402
      _Iyear_2004 |   .0763727   .0200153     3.82   0.000     .0368535    .1158919
      _Iyear_2005 |   .0740081   .0200153     3.70   0.000     .0344889    .1135273
      _Iyear_2006 |   .0389284   .0200153     1.94   0.053    -.0005908    .0784476
      _Iyear_2007 |   .0595516   .0200153     2.98   0.003     .0200324    .0990708
      _Iyear_2008 |   .0591608   .0200153     2.96   0.004     .0196416      .09868
      _Iyear_2009 |   .0630695   .0200153     3.15   0.002     .0235503    .1025887
      _Iyear_2010 |   .0836911   .0200153     4.18   0.000     .0441719    .1232103
      _Iyear_2011 |   .1298587   .0200153     6.49   0.000     .0903394    .1693779
 _IstaXyea_5_2001 |  -.0582676   .0274608    -2.12   0.035    -.1124875   -.0040477
 _IstaXyea_5_2002 |   -.015383   .0274608    -0.56   0.576    -.0696029    .0388369
 _IstaXyea_5_2003 |  -.0279714   .0274608    -1.02   0.310    -.0821913    .0262485
 _IstaXyea_5_2004 |  -.0669961   .0274608    -2.44   0.016     -.121216   -.0127762
 _IstaXyea_5_2005 |  -.0621373   .0274608    -2.26   0.025    -.1163572   -.0079174
 _IstaXyea_5_2006 |  -.0478792   .0274608    -1.74   0.083    -.1020991    .0063408
 _IstaXyea_5_2007 |  -.0618975   .0274608    -2.25   0.026    -.1161174   -.0076776
 _IstaXyea_5_2008 |  -.0467979   .0274608    -1.70   0.090    -.1010178     .007422
 _IstaXyea_5_2009 |  -.0404543   .0274608    -1.47   0.143    -.0946742    .0137656
 _IstaXyea_5_2010 |  -.0573868   .0274608    -2.09   0.038    -.1116068   -.0031669
 _IstaXyea_5_2011 |  -.0852416   .0274608    -3.10   0.002    -.1394615   -.0310217
_IstaXyea_10_2001 |  -.0194939   .0274608    -0.71   0.479    -.0737138     .034726
_IstaXyea_10_2002 |   .0023196   .0274608     0.08   0.933    -.0519003    .0565396
_IstaXyea_10_2003 |  -.0111554   .0274608    -0.41   0.685    -.0653753    .0430645
_IstaXyea_10_2004 |   -.042007   .0274608    -1.53   0.128    -.0962269    .0122129
_IstaXyea_10_2005 |  -.0299829   .0274608    -1.09   0.276    -.0842028     .024237
_IstaXyea_10_2006 |  -.0085562   .0274608    -0.31   0.756    -.0627761    .0456637
_IstaXyea_10_2007 |  -.0195295   .0274608    -0.71   0.478    -.0737494    .0346904
_IstaXyea_10_2008 |   .0068761   .0274608     0.25   0.803    -.0473439     .061096
_IstaXyea_10_2009 |   .0164528   .0274608     0.60   0.550    -.0377672    .0706727
_IstaXyea_10_2010 |   .0130798   .0274608     0.48   0.634    -.0411401    .0672997
_IstaXyea_10_2011 |   .0057422   .0274608     0.21   0.835    -.0484777    .0599621
_IstaXyea_11_2001 |  -.0039382   .0274608    -0.14   0.886    -.0581581    .0502817
_IstaXyea_11_2002 |   .0106857   .0274608     0.39   0.698    -.0435342    .0649056
_IstaXyea_11_2003 |   .0206927   .0274608     0.75   0.452    -.0335272    .0749126
_IstaXyea_11_2004 |   .0042226   .0274608     0.15   0.878    -.0499973    .0584425
_IstaXyea_11_2005 |   .0313183   .0274608     1.14   0.256    -.0229016    .0855382
_IstaXyea_11_2006 |   .0628004   .0274608     2.29   0.023     .0085805    .1170203
_IstaXyea_11_2007 |   .0572275   .0274608     2.08   0.039     .0030076    .1114474
_IstaXyea_11_2008 |    .062918   .0274608     2.29   0.023     .0086981    .1171379
_IstaXyea_11_2009 |   .0559879   .0274608     2.04   0.043      .001768    .1102078
_IstaXyea_11_2010 |   .0766603   .0274608     2.79   0.006     .0224404    .1308802
_IstaXyea_11_2011 |   .0915575   .0274608     3.33   0.001     .0373376    .1457774
_IstaXyea_12_2001 |  -.0307057   .0274608    -1.12   0.265    -.0849256    .0235142
_IstaXyea_12_2002 |    -.01418   .0274608    -0.52   0.606    -.0683999    .0400399
_IstaXyea_12_2003 |  -.0253045   .0274608    -0.92   0.358    -.0795244    .0289154
_IstaXyea_12_2004 |  -.0438237   .0274608    -1.60   0.112    -.0980436    .0103962
_IstaXyea_12_2005 |  -.0460956   .0274608    -1.68   0.095    -.1003155    .0081243
_IstaXyea_12_2006 |  -.0261496   .0274608    -0.95   0.342    -.0803695    .0280703
_IstaXyea_12_2007 |  -.0448032   .0274608    -1.63   0.105    -.0990231    .0094167
_IstaXyea_12_2008 |  -.0210065   .0274608    -0.76   0.445    -.0752264    .0332134
_IstaXyea_12_2009 |  -.0163091   .0274608    -0.59   0.553     -.070529    .0379108
_IstaXyea_12_2010 |  -.0143901   .0274608    -0.52   0.601      -.06861    .0398298
_IstaXyea_12_2011 |  -.0627375   .0274608    -2.28   0.024    -.1169575   -.0085176
_IstaXyea_13_2001 |  -.0246022   .0274608    -0.90   0.372    -.0788221    .0296177
_IstaXyea_13_2002 |  -.0407571   .0274608    -1.48   0.140     -.094977    .0134628
_IstaXyea_13_2003 |  -.0444536   .0274608    -1.62   0.107    -.0986735    .0097663
_IstaXyea_13_2004 |  -.0404687   .0274608    -1.47   0.142    -.0946887    .0137512
_IstaXyea_13_2005 |  -.0285769   .0274608    -1.04   0.300    -.0827968     .025643
_IstaXyea_13_2006 |  -.0062294   .0274608    -0.23   0.821    -.0604493    .0479905
_IstaXyea_13_2007 |  -.0330834   .0274608    -1.20   0.230    -.0873033    .0211365
_IstaXyea_13_2008 |  -.0241762   .0274608    -0.88   0.380    -.0783961    .0300438
_IstaXyea_13_2009 |  -.0247934   .0274608    -0.90   0.368    -.0790133    .0294265
_IstaXyea_13_2010 |  -.0306085   .0274608    -1.11   0.267    -.0848284    .0236114
_IstaXyea_13_2011 |    -.06558   .0274608    -2.39   0.018    -.1197999   -.0113601
_IstaXyea_21_2001 |  -.0270957   .0274608    -0.99   0.325    -.0813156    .0271242
_IstaXyea_21_2002 |  -.0187151   .0274608    -0.68   0.496     -.072935    .0355048
_IstaXyea_21_2003 |  -.0078891   .0274608    -0.29   0.774     -.062109    .0463308
_IstaXyea_21_2004 |  -.0354163   .0274608    -1.29   0.199    -.0896363    .0188036
_IstaXyea_21_2005 |   -.043421   .0274608    -1.58   0.116    -.0976409    .0107989
_IstaXyea_21_2006 |  -.0230721   .0274608    -0.84   0.402     -.077292    .0311478
_IstaXyea_21_2007 |  -.0043056   .0274608    -0.16   0.876    -.0585255    .0499143
_IstaXyea_21_2008 |  -.0208149   .0274608    -0.76   0.450    -.0750348     .033405
_IstaXyea_21_2009 |  -.0188443   .0274608    -0.69   0.494    -.0730643    .0353756
_IstaXyea_21_2010 |  -.0163551   .0274608    -0.60   0.552     -.070575    .0378648
_IstaXyea_21_2011 |  -.0891971   .0274608    -3.25   0.001     -.143417   -.0349772
_IstaXyea_22_2001 |  -.0585179   .0274608    -2.13   0.035    -.1127378   -.0042979
_IstaXyea_22_2002 |  -.0600021   .0274608    -2.19   0.030     -.114222   -.0057822
_IstaXyea_22_2003 |  -.0751087   .0274608    -2.74   0.007    -.1293286   -.0208888
_IstaXyea_22_2004 |  -.0816824   .0274608    -2.97   0.003    -.1359023   -.0274625
_IstaXyea_22_2005 |    -.09082   .0274608    -3.31   0.001    -.1450399   -.0366001
_IstaXyea_22_2006 |  -.0287791   .0274608    -1.05   0.296     -.082999    .0254408
_IstaXyea_22_2007 |   -.072361   .0274608    -2.64   0.009    -.1265809   -.0181411
_IstaXyea_22_2008 |  -.0651717   .0274608    -2.37   0.019    -.1193917   -.0109518
_IstaXyea_22_2009 |  -.0497137   .0274608    -1.81   0.072    -.1039336    .0045062
_IstaXyea_22_2010 |  -.0389739   .0274608    -1.42   0.158    -.0931938     .015246
_IstaXyea_22_2011 |  -.1061535   .0274608    -3.87   0.000    -.1603734   -.0519336
_IstaXyea_24_2001 |  -.0457324   .0274608    -1.67   0.098    -.0999523    .0084875
_IstaXyea_24_2002 |  -.0317085   .0274608    -1.15   0.250    -.0859285    .0225114
_IstaXyea_24_2003 |    -.03631   .0274608    -1.32   0.188    -.0905299    .0179099
_IstaXyea_24_2004 |  -.0550283   .0274608    -2.00   0.047    -.1092482   -.0008084
_IstaXyea_24_2005 |  -.0362055   .0274608    -1.32   0.189    -.0904254    .0180144
_IstaXyea_24_2006 |  -.0077236   .0274608    -0.28   0.779    -.0619435    .0464963
_IstaXyea_24_2007 |  -.0200215   .0274608    -0.73   0.467    -.0742414    .0341984
_IstaXyea_24_2008 |   -.010684   .0274608    -0.39   0.698    -.0649039    .0435359
_IstaXyea_24_2009 |  -.0271058   .0274608    -0.99   0.325    -.0813257    .0271142
_IstaXyea_24_2010 |  -.0180713   .0274608    -0.66   0.511    -.0722912    .0361486
_IstaXyea_24_2011 |  -.0579169   .0274608    -2.11   0.036    -.1121368    -.003697
_IstaXyea_28_2001 |  -.0197811   .0274608    -0.72   0.472     -.074001    .0344388
_IstaXyea_28_2002 |  -.0264536   .0274608    -0.96   0.337    -.0806735    .0277663
_IstaXyea_28_2003 |  -.0087226   .0274608    -0.32   0.751    -.0629425    .0454973
_IstaXyea_28_2004 |  -.0554109   .0274608    -2.02   0.045    -.1096308    -.001191
_IstaXyea_28_2005 |  -.0103187   .0274608    -0.38   0.708    -.0645386    .0439012
_IstaXyea_28_2006 |  -.0105423   .0274608    -0.38   0.702    -.0647622    .0436776
_IstaXyea_28_2007 |  -.0345452   .0274608    -1.26   0.210    -.0887651    .0196747
_IstaXyea_28_2008 |  -.0019989   .0274608    -0.07   0.942    -.0562188     .052221
_IstaXyea_28_2009 |    .022537   .0274608     0.82   0.413    -.0316829    .0767569
_IstaXyea_28_2010 |  -.0510419   .0274608    -1.86   0.065    -.1052619     .003178
_IstaXyea_28_2011 |  -.0939622   .0274608    -3.42   0.001    -.1481821   -.0397423
_IstaXyea_37_2001 |  -.0196554   .0274608    -0.72   0.475    -.0738754    .0345645
_IstaXyea_37_2002 |  -.0233379   .0274608    -0.85   0.397    -.0775578     .030882
_IstaXyea_37_2003 |  -.0248753   .0274608    -0.91   0.366    -.0790952    .0293446
_IstaXyea_37_2004 |  -.0393104   .0274608    -1.43   0.154    -.0935303    .0149095
_IstaXyea_37_2005 |  -.0289621   .0274608    -1.05   0.293     -.083182    .0252578
_IstaXyea_37_2006 |  -.0180748   .0274608    -0.66   0.511    -.0722947    .0361451
_IstaXyea_37_2007 |   -.032051   .0274608    -1.17   0.245    -.0862709    .0221689
_IstaXyea_37_2008 |  -.0101388   .0274608    -0.37   0.712    -.0643587    .0440811
_IstaXyea_37_2009 |  -.0164513   .0274608    -0.60   0.550    -.0706712    .0377686
_IstaXyea_37_2010 |  -.0170838   .0274608    -0.62   0.535    -.0713037    .0371361
_IstaXyea_37_2011 |  -.0605649   .0274608    -2.21   0.029    -.1147848    -.006345
_IstaXyea_40_2001 |  -.0459863   .0274608    -1.67   0.096    -.1002062    .0082336
_IstaXyea_40_2002 |  -.0272477   .0274608    -0.99   0.323    -.0814676    .0269722
_IstaXyea_40_2003 |  -.0356871   .0274608    -1.30   0.196     -.089907    .0185328
_IstaXyea_40_2004 |  -.0540384   .0274608    -1.97   0.051    -.1082583    .0001815
_IstaXyea_40_2005 |  -.0551687   .0274608    -2.01   0.046    -.1093886   -.0009488
_IstaXyea_40_2006 |  -.0283843   .0274608    -1.03   0.303    -.0826042    .0258356
_IstaXyea_40_2007 |  -.0200956   .0274608    -0.73   0.465    -.0743155    .0341243
_IstaXyea_40_2008 |   -.032507   .0274608    -1.18   0.238    -.0867269     .021713
_IstaXyea_40_2009 |  -.0325917   .0274608    -1.19   0.237    -.0868116    .0216282
_IstaXyea_40_2010 |  -.0296728   .0274608    -1.08   0.281    -.0838927    .0245471
_IstaXyea_40_2011 |  -.0924454   .0274608    -3.37   0.001    -.1466653   -.0382255
_IstaXyea_45_2001 |  -.0125084   .0274608    -0.46   0.649    -.0667283    .0417115
_IstaXyea_45_2002 |   .0011497   .0274608     0.04   0.967    -.0530702    .0553696
_IstaXyea_45_2003 |  -.0235964   .0274608    -0.86   0.391    -.0778163    .0306235
_IstaXyea_45_2004 |  -.0461781   .0274608    -1.68   0.095     -.100398    .0080418
_IstaXyea_45_2005 |  -.0704297   .0274608    -2.56   0.011    -.1246496   -.0162098
_IstaXyea_45_2006 |  -.0091699   .0274608    -0.33   0.739    -.0633898      .04505
_IstaXyea_45_2007 |   -.038022   .0274608    -1.38   0.168    -.0922419    .0161979
_IstaXyea_45_2008 |  -.0374884   .0274608    -1.37   0.174    -.0917083    .0167315
_IstaXyea_45_2009 |  -.0166442   .0274608    -0.61   0.545    -.0708641    .0375757
_IstaXyea_45_2010 |  -.0501347   .0274608    -1.83   0.070    -.1043546    .0040852
_IstaXyea_45_2011 |  -.0336146   .0274608    -1.22   0.223    -.0878345    .0206053
_IstaXyea_47_2001 |  -.0254909    .033981    -0.75   0.454    -.0925847    .0416028
_IstaXyea_47_2002 |   .0078286    .033981     0.23   0.818    -.0592651    .0749223
_IstaXyea_47_2003 |  -.0417279    .033981    -1.23   0.221    -.1088216    .0253658
_IstaXyea_47_2004 |  -.0629869    .033981    -1.85   0.066    -.1300806    .0041069
_IstaXyea_47_2005 |     -.0766    .033981    -2.25   0.025    -.1436937   -.0095063
_IstaXyea_47_2006 |  -.0432995    .033981    -1.27   0.204    -.1103932    .0237942
_IstaXyea_47_2007 |  -.0165973    .033981    -0.49   0.626     -.083691    .0504964
_IstaXyea_47_2008 |  -.0138096    .033981    -0.41   0.685    -.0809033    .0532841
_IstaXyea_47_2009 |  -.0431005    .033981    -1.27   0.206    -.1101942    .0239932
_IstaXyea_47_2010 |  -.0516178    .033981    -1.52   0.131    -.1187115    .0154759
_IstaXyea_47_2011 |  -.0968272    .033981    -2.85   0.005    -.1639209   -.0297335
_IstaXyea_48_2001 |  -.0388077   .0274608    -1.41   0.159    -.0930277    .0154122
_IstaXyea_48_2002 |  -.0274138   .0274608    -1.00   0.320    -.0816337    .0268061
_IstaXyea_48_2003 |  -.0159329   .0274608    -0.58   0.563    -.0701528     .038287
_IstaXyea_48_2004 |  -.0486711   .0274608    -1.77   0.078     -.102891    .0055488
_IstaXyea_48_2005 |  -.0457958   .0274608    -1.67   0.097    -.1000157    .0084241
_IstaXyea_48_2006 |   -.020481   .0274608    -0.75   0.457    -.0747009    .0337389
_IstaXyea_48_2007 |   -.032792   .0274608    -1.19   0.234    -.0870119    .0214279
_IstaXyea_48_2008 |    -.02578   .0274608    -0.94   0.349    -.0799999    .0284399
_IstaXyea_48_2009 |  -.0120743   .0274608    -0.44   0.661    -.0662942    .0421456
_IstaXyea_48_2010 |  -.0398882   .0274608    -1.45   0.148    -.0941081    .0143317
_IstaXyea_48_2011 |   -.080366   .0274608    -2.93   0.004    -.1345859   -.0261461
_IstaXyea_51_2001 |  -.0149723   .0274608    -0.55   0.586    -.0691922    .0392476
_IstaXyea_51_2002 |  -.0147189   .0274608    -0.54   0.593    -.0689388     .039501
_IstaXyea_51_2003 |  -.0223617   .0274608    -0.81   0.417    -.0765816    .0318582
_IstaXyea_51_2004 |  -.0625363   .0274608    -2.28   0.024    -.1167562   -.0083163
_IstaXyea_51_2005 |  -.0460117   .0274608    -1.68   0.096    -.1002316    .0082082
_IstaXyea_51_2006 |  -.0195618   .0274608    -0.71   0.477    -.0737817    .0346581
_IstaXyea_51_2007 |  -.0284329   .0274608    -1.04   0.302    -.0826528     .025787
_IstaXyea_51_2008 |  -.0171477   .0274608    -0.62   0.533    -.0713676    .0370722
_IstaXyea_51_2009 |  -.0145137   .0274608    -0.53   0.598    -.0687336    .0397062
_IstaXyea_51_2010 |  -.0431423   .0274608    -1.57   0.118    -.0973622    .0110776
_IstaXyea_51_2011 |  -.0755829   .0274608    -2.75   0.007    -.1298028    -.021363
_IstaXyea_54_2001 |  -.0174237   .0274608    -0.63   0.527    -.0716436    .0367962
_IstaXyea_54_2002 |   .0267122   .0274608     0.97   0.332    -.0275077    .0809321
_IstaXyea_54_2003 |   .0079004   .0274608     0.29   0.774    -.0463195    .0621203
_IstaXyea_54_2004 |  -.0385922   .0274608    -1.41   0.162    -.0928122    .0156277
_IstaXyea_54_2005 |  -.0409014   .0274608    -1.49   0.138    -.0951213    .0133185
_IstaXyea_54_2006 |   .0314592   .0274608     1.15   0.254    -.0227607    .0856791
_IstaXyea_54_2007 |   -.012579   .0274608    -0.46   0.648    -.0667989    .0416409
_IstaXyea_54_2008 |  -.0152504   .0274608    -0.56   0.579    -.0694703    .0389695
_IstaXyea_54_2009 |   .0264546   .0274608     0.96   0.337    -.0277653    .0806745
_IstaXyea_54_2010 |   .0275813   .0274608     1.00   0.317    -.0266386    .0818012
_IstaXyea_54_2011 |  -.0213291   .0274608    -0.78   0.438     -.075549    .0328908
        _Inokid_1 |   .0508977   .0102978     4.94   0.000     .0305652    .0712301
 _IyeaXnok_2001_1 |  -.0054842   .0097089    -0.56   0.573    -.0246539    .0136854
 _IyeaXnok_2002_1 |  -.0003769   .0097089    -0.04   0.969    -.0195465    .0187927
 _IyeaXnok_2003_1 |  -.0038251   .0097089    -0.39   0.694    -.0229947    .0153445
 _IyeaXnok_2004_1 |   -.009172   .0097089    -0.94   0.346    -.0283417    .0099976
 _IyeaXnok_2005_1 |  -.0114611   .0097089    -1.18   0.240    -.0306307    .0077085
 _IyeaXnok_2006_1 |   .0020793   .0097089     0.21   0.831    -.0170903     .021249
 _IyeaXnok_2007_1 |    .009695   .0097089     1.00   0.319    -.0094746    .0288646
 _IyeaXnok_2008_1 |   .0011824   .0097089     0.12   0.903    -.0179872    .0203521
 _IyeaXnok_2009_1 |  -.0048749   .0097089    -0.50   0.616    -.0240445    .0142947
 _IyeaXnok_2010_1 |  -.0221414   .0097089    -2.28   0.024     -.041311   -.0029717
 _IyeaXnok_2011_1 |  -.0132779   .0097089    -1.37   0.173    -.0324476    .0058917
    _IstaXnok_5_1 |    .000264   .0112108     0.02   0.981    -.0218712    .0223992
   _IstaXnok_10_1 |  -.0591418   .0112108    -5.28   0.000     -.081277   -.0370066
   _IstaXnok_11_1 |  -.2119388   .0112108   -18.90   0.000     -.234074   -.1898036
   _IstaXnok_12_1 |  -.0232678   .0112108    -2.08   0.039    -.0454029   -.0011326
   _IstaXnok_13_1 |  -.0366161   .0112108    -3.27   0.001    -.0587513   -.0144809
   _IstaXnok_21_1 |  -.0204157   .0112108    -1.82   0.070    -.0425509    .0017195
   _IstaXnok_22_1 |  -.0019826   .0112108    -0.18   0.860    -.0241178    .0201526
   _IstaXnok_24_1 |   -.034269   .0112108    -3.06   0.003    -.0564042   -.0121339
   _IstaXnok_28_1 |   -.004599   .0112108    -0.41   0.682    -.0267342    .0175362
   _IstaXnok_37_1 |  -.0441466   .0112108    -3.94   0.000    -.0662818   -.0220114
   _IstaXnok_40_1 |  -.0183843   .0112108    -1.64   0.103    -.0405194    .0037509
   _IstaXnok_45_1 |  -.0194783   .0112108    -1.74   0.084    -.0416135    .0026569
   _IstaXnok_47_1 |  -.0439818   .0293282    -1.50   0.136    -.1018887    .0139251
   _IstaXnok_48_1 |  -.0130493   .0112108    -1.16   0.246    -.0351845    .0090859
   _IstaXnok_51_1 |  -.0318178   .0112108    -2.84   0.005     -.053953   -.0096826
   _IstaXnok_54_1 |   .0169961   .0112108     1.52   0.131    -.0051391    .0391313
            _cons |   .0692747   .0146641     4.72   0.000     .0403212    .0982281
-----------------------------------------------------------------------------------

. 
. matrix results = J(12,1,0)

. local row = 2

. forvalues i = 2001/2011 {
  2.  matrix results[`row',1] = _b[evt`i']
  3.  local row = `row' + 1
  4. }

. 
.  preserve

. 
. drop _all

. svmat results
number of observations will be reset to 12
Press any key to continue, or Break to abort
Number of observations (_N) was 0, now 12.

. rename results1 evt_coeffs

. gen year = _n + 1999

. 
. local inv_golden_ratio = 2 / ( sqrt(5) + 1 )

. twoway ///
>         (connected evt_coeffs year, lpattern(solid) lcolor(gray) mcolor(blue) msymbol(o)) /// 
>                 , ///
>                 ylabel(, nogrid angle(horizontal)  ) ///
>                 scheme(s2mono) ///
>                 aspectratio(`inv_golden_ratio') ///
>                 graphregion(fcolor(white)) ///
>                 xline(2005.1) ///
>                 legend(off) ///
>                 yscale( nofextend ) xscale(nofextend) ///
>                 xlabel(2000(1)2011) ylabel(-0.12(0.04)0.12) /// 
>                 xtitle(" ") ytitle(" ") 

.         graph save ../gph/event_study_working.gph, replace
file ../gph/event_study_working.gph saved

.         graph export ../gph/event_study_any_public.eps, replace
file ../gph/event_study_any_public.eps saved as EPS format

.         !sz ../gph/event_study_any_public.eps

zsh:1: command not found: sz

. 
.  restore

. 
. 
. 
. 
. reg working evt* _I*

      Source |       SS           df       MS      Number of obs   =       408
-------------+----------------------------------   F(242, 165)     =     11.08
       Model |    .9990271       242  .004128211   Prob > F        =    0.0000
    Residual |  .061480126       165  .000372607   R-squared       =    0.9420
-------------+----------------------------------   Adj R-squared   =    0.8570
       Total |  1.06050723       407  .002605669   Root MSE        =     .0193

-----------------------------------------------------------------------------------
          working | Coefficient  Std. err.      t    P>|t|     [95% conf. interval]
------------------+----------------------------------------------------------------
          evt2001 |   .0161597   .0397942     0.41   0.685    -.0624118    .0947312
          evt2002 |   .0228084   .0397942     0.57   0.567    -.0557631    .1013799
          evt2003 |  -.0049072   .0397942    -0.12   0.902    -.0834787    .0736643
          evt2004 |   .0170385   .0397942     0.43   0.669     -.061533      .09561
          evt2005 |  -.0091872   .0397942    -0.23   0.818    -.0877587    .0693843
          evt2006 |   .0445315   .0397942     1.12   0.265      -.03404     .123103
          evt2007 |   .0616788   .0397942     1.55   0.123    -.0168927    .1402503
          evt2008 |   .0365004   .0397942     0.92   0.360    -.0420711    .1150719
          evt2009 |   .0505898   .0397942     1.27   0.205    -.0279817    .1291613
          evt2010 |    .046823   .0397942     1.18   0.241    -.0317485    .1253945
          evt2011 |   .0672437   .0397942     1.69   0.093    -.0113278    .1458152
     _Istatefip_5 |   -.032752   .0200912    -1.63   0.105    -.0724211     .006917
    _Istatefip_10 |     .01746   .0200912     0.87   0.386     -.022209     .057129
    _Istatefip_11 |  -.0661581   .0200912    -3.29   0.001    -.1058272   -.0264891
    _Istatefip_12 |  -.0058482   .0200912    -0.29   0.771    -.0455172    .0338209
    _Istatefip_13 |   .0129011   .0200912     0.64   0.522    -.0267679    .0525701
    _Istatefip_21 |  -.0277964   .0200912    -1.38   0.168    -.0674655    .0118726
    _Istatefip_22 |  -.0673295   .0200912    -3.35   0.001    -.1069985   -.0276604
    _Istatefip_24 |   .0517607   .0200912     2.58   0.011     .0120916    .0914297
    _Istatefip_28 |  -.0257594   .0200912    -1.28   0.202    -.0654285    .0139096
    _Istatefip_37 |   .0070784   .0200912     0.35   0.725    -.0325906    .0467475
    _Istatefip_40 |  -.0636853   .0200912    -3.17   0.002    -.1033543   -.0240162
    _Istatefip_45 |   .0201002   .0200912     1.00   0.319    -.0195688    .0597693
    _Istatefip_47 |  -.0006791    .024189    -0.03   0.978     -.048439    .0470808
    _Istatefip_48 |  -.0493695   .0200912    -2.46   0.015    -.0890385   -.0097004
    _Istatefip_51 |   .0106215   .0200912     0.53   0.598    -.0290475    .0502905
    _Istatefip_54 |  -.0757652   .0200912    -3.77   0.000    -.1154343   -.0360962
      _Iyear_2001 |  -.0221553   .0198971    -1.11   0.267     -.061441    .0171305
      _Iyear_2002 |  -.0683018   .0198971    -3.43   0.001    -.1075876   -.0290161
      _Iyear_2003 |  -.0481404   .0198971    -2.42   0.017    -.0874262   -.0088547
      _Iyear_2004 |  -.0422736   .0198971    -2.12   0.035    -.0815593   -.0029878
      _Iyear_2005 |  -.0627689   .0198971    -3.15   0.002    -.1020547   -.0234832
      _Iyear_2006 |  -.0713872   .0198971    -3.59   0.000     -.110673   -.0321015
      _Iyear_2007 |  -.0511979   .0198971    -2.57   0.011    -.0904837   -.0119122
      _Iyear_2008 |  -.0710941   .0198971    -3.57   0.000    -.1103799   -.0318084
      _Iyear_2009 |  -.0887339   .0198971    -4.46   0.000    -.1280196   -.0494481
      _Iyear_2010 |  -.1042238   .0198971    -5.24   0.000    -.1435095    -.064938
      _Iyear_2011 |  -.1016175   .0198971    -5.11   0.000    -.1409033   -.0623318
 _IstaXyea_5_2001 |   .0242972   .0272986     0.89   0.375    -.0296024    .0781968
 _IstaXyea_5_2002 |   .0576274   .0272986     2.11   0.036     .0037278     .111527
 _IstaXyea_5_2003 |   .0254844   .0272986     0.93   0.352    -.0284152     .079384
 _IstaXyea_5_2004 |   .0206142   .0272986     0.76   0.451    -.0332854    .0745138
 _IstaXyea_5_2005 |   .0806207   .0272986     2.95   0.004     .0267211    .1345203
 _IstaXyea_5_2006 |   .0611695   .0272986     2.24   0.026     .0072699    .1150691
 _IstaXyea_5_2007 |    .056932   .0272986     2.09   0.039     .0030324    .1108316
 _IstaXyea_5_2008 |    .074657   .0272986     2.73   0.007     .0207574    .1285566
 _IstaXyea_5_2009 |   .0613348   .0272986     2.25   0.026     .0074352    .1152344
 _IstaXyea_5_2010 |   .0400856   .0272986     1.47   0.144     -.013814    .0939852
 _IstaXyea_5_2011 |   .0422172   .0272986     1.55   0.124    -.0116824    .0961168
_IstaXyea_10_2001 |   .0631925   .0272986     2.31   0.022     .0092929    .1170921
_IstaXyea_10_2002 |   .0647656   .0272986     2.37   0.019      .010866    .1186652
_IstaXyea_10_2003 |   .0096994   .0272986     0.36   0.723    -.0442002     .063599
_IstaXyea_10_2004 |   .0173065   .0272986     0.63   0.527    -.0365931    .0712061
_IstaXyea_10_2005 |   .0383677   .0272986     1.41   0.162    -.0155319    .0922673
_IstaXyea_10_2006 |   .0573466   .0272986     2.10   0.037      .003447    .1112462
_IstaXyea_10_2007 |   .0305936   .0272986     1.12   0.264     -.023306    .0844932
_IstaXyea_10_2008 |   .0461794   .0272986     1.69   0.093    -.0077202     .100079
_IstaXyea_10_2009 |   .0271181   .0272986     0.99   0.322    -.0267815    .0810178
_IstaXyea_10_2010 |   .0229933   .0272986     0.84   0.401    -.0309063    .0768929
_IstaXyea_10_2011 |   .0485809   .0272986     1.78   0.077    -.0053187    .1024805
_IstaXyea_11_2001 |   .0089719   .0272986     0.33   0.743    -.0449277    .0628715
_IstaXyea_11_2002 |   .0207904   .0272986     0.76   0.447    -.0331092      .07469
_IstaXyea_11_2003 |   .0010083   .0272986     0.04   0.971    -.0528913    .0549079
_IstaXyea_11_2004 |  -.0041998   .0272986    -0.15   0.878    -.0580994    .0496998
_IstaXyea_11_2005 |   .0436308   .0272986     1.60   0.112    -.0102688    .0975304
_IstaXyea_11_2006 |  -.0003062   .0272986    -0.01   0.991    -.0542059    .0535934
_IstaXyea_11_2007 |   .0233791   .0272986     0.86   0.393    -.0305205    .0772787
_IstaXyea_11_2008 |   .0064704   .0272986     0.24   0.813    -.0474293      .06037
_IstaXyea_11_2009 |   .0378256   .0272986     1.39   0.168     -.016074    .0917252
_IstaXyea_11_2010 |  -.0193776   .0272986    -0.71   0.479    -.0732772     .034522
_IstaXyea_11_2011 |   .0172538   .0272986     0.63   0.528    -.0366458    .0711535
_IstaXyea_12_2001 |    .029806   .0272986     1.09   0.276    -.0240936    .0837056
_IstaXyea_12_2002 |   .0362276   .0272986     1.33   0.186    -.0176721    .0901272
_IstaXyea_12_2003 |   .0203436   .0272986     0.75   0.457     -.033556    .0742432
_IstaXyea_12_2004 |    .019621   .0272986     0.72   0.473    -.0342786    .0735206
_IstaXyea_12_2005 |   .0433103   .0272986     1.59   0.115    -.0105893    .0972099
_IstaXyea_12_2006 |    .060829   .0272986     2.23   0.027     .0069293    .1147286
_IstaXyea_12_2007 |   .0549753   .0272986     2.01   0.046     .0010757    .1088749
_IstaXyea_12_2008 |   .0387076   .0272986     1.42   0.158     -.015192    .0926072
_IstaXyea_12_2009 |   .0182194   .0272986     0.67   0.505    -.0356802     .072119
_IstaXyea_12_2010 |   .0212853   .0272986     0.78   0.437    -.0326143    .0751849
_IstaXyea_12_2011 |   .0226756   .0272986     0.83   0.407     -.031224    .0765752
_IstaXyea_13_2001 |   -.013896   .0272986    -0.51   0.611    -.0677956    .0400036
_IstaXyea_13_2002 |   .0157506   .0272986     0.58   0.565     -.038149    .0696502
_IstaXyea_13_2003 |  -.0041212   .0272986    -0.15   0.880    -.0580208    .0497785
_IstaXyea_13_2004 |  -.0046724   .0272986    -0.17   0.864     -.058572    .0492272
_IstaXyea_13_2005 |   .0054556   .0272986     0.20   0.842     -.048444    .0593552
_IstaXyea_13_2006 |   .0201502   .0272986     0.74   0.461    -.0337494    .0740498
_IstaXyea_13_2007 |   .0164305   .0272986     0.60   0.548    -.0374691    .0703301
_IstaXyea_13_2008 |   .0184415   .0272986     0.68   0.500    -.0354581    .0723411
_IstaXyea_13_2009 |  -.0139951   .0272986    -0.51   0.609    -.0678947    .0399046
_IstaXyea_13_2010 |  -.0079166   .0272986    -0.29   0.772    -.0618162     .045983
_IstaXyea_13_2011 |  -.0174088   .0272986    -0.64   0.525    -.0713084    .0364908
_IstaXyea_21_2001 |   .0180964   .0272986     0.66   0.508    -.0358032     .071996
_IstaXyea_21_2002 |   .0334336   .0272986     1.22   0.222     -.020466    .0873332
_IstaXyea_21_2003 |   .0132459   .0272986     0.49   0.628    -.0406537    .0671455
_IstaXyea_21_2004 |   .0105828   .0272986     0.39   0.699    -.0433168    .0644824
_IstaXyea_21_2005 |   .0211954   .0272986     0.78   0.439    -.0327043     .075095
_IstaXyea_21_2006 |   .0389414   .0272986     1.43   0.156    -.0149582     .092841
_IstaXyea_21_2007 |   .0057574   .0272986     0.21   0.833    -.0481422     .059657
_IstaXyea_21_2008 |  -.0103566   .0272986    -0.38   0.705    -.0642562     .043543
_IstaXyea_21_2009 |   .0123918   .0272986     0.45   0.650    -.0415078    .0662914
_IstaXyea_21_2010 |   .0160148   .0272986     0.59   0.558    -.0378848    .0699144
_IstaXyea_21_2011 |   .0383044   .0272986     1.40   0.162    -.0155952     .092204
_IstaXyea_22_2001 |   .0482591   .0272986     1.77   0.079    -.0056405    .1021587
_IstaXyea_22_2002 |   .0761284   .0272986     2.79   0.006     .0222288     .130028
_IstaXyea_22_2003 |   .0541785   .0272986     1.98   0.049     .0002789    .1080781
_IstaXyea_22_2004 |    .025656   .0272986     0.94   0.349    -.0282436    .0795556
_IstaXyea_22_2005 |   .0540528   .0272986     1.98   0.049     .0001532    .1079524
_IstaXyea_22_2006 |   .0295126   .0272986     1.08   0.281     -.024387    .0834122
_IstaXyea_22_2007 |   .0315797   .0272986     1.16   0.249    -.0223199    .0854793
_IstaXyea_22_2008 |   .0608121   .0272986     2.23   0.027     .0069125    .1147118
_IstaXyea_22_2009 |   .0531765   .0272986     1.95   0.053    -.0007231    .1070761
_IstaXyea_22_2010 |    .079695   .0272986     2.92   0.004     .0257954    .1335947
_IstaXyea_22_2011 |   .0140319   .0272986     0.51   0.608    -.0398677    .0679315
_IstaXyea_24_2001 |   .0115997   .0272986     0.42   0.671    -.0422999    .0654994
_IstaXyea_24_2002 |   .0419476   .0272986     1.54   0.126     -.011952    .0958472
_IstaXyea_24_2003 |   .0063572   .0272986     0.23   0.816    -.0475424    .0602568
_IstaXyea_24_2004 |  -.0234089   .0272986    -0.86   0.392    -.0773085    .0304907
_IstaXyea_24_2005 |  -.0169886   .0272986    -0.62   0.535    -.0708882     .036911
_IstaXyea_24_2006 |    .021596   .0272986     0.79   0.430    -.0323036    .0754956
_IstaXyea_24_2007 |   -.004198   .0272986    -0.15   0.878    -.0580976    .0497016
_IstaXyea_24_2008 |   .0011957   .0272986     0.04   0.965    -.0527039    .0550953
_IstaXyea_24_2009 |   .0092473   .0272986     0.34   0.735    -.0446523    .0631469
_IstaXyea_24_2010 |    .003973   .0272986     0.15   0.884    -.0499266    .0578726
_IstaXyea_24_2011 |   .0134083   .0272986     0.49   0.624    -.0404913    .0673079
_IstaXyea_28_2001 |   .0072632   .0272986     0.27   0.791    -.0466364    .0611628
_IstaXyea_28_2002 |   .0158469   .0272986     0.58   0.562    -.0380527    .0697465
_IstaXyea_28_2003 |  -.0232589   .0272986    -0.85   0.395    -.0771585    .0306407
_IstaXyea_28_2004 |   .0291618   .0272986     1.07   0.287    -.0247378    .0830614
_IstaXyea_28_2005 |   .0372503   .0272986     1.36   0.174    -.0166494    .0911499
_IstaXyea_28_2006 |  -.0035853   .0272986    -0.13   0.896    -.0574849    .0503143
_IstaXyea_28_2007 |  -.0039042   .0272986    -0.14   0.886    -.0578038    .0499954
_IstaXyea_28_2008 |   .0524556   .0272986     1.92   0.056     -.001444    .1063552
_IstaXyea_28_2009 |   .0242652   .0272986     0.89   0.375    -.0296344    .0781648
_IstaXyea_28_2010 |  -.0041901   .0272986    -0.15   0.878    -.0580897    .0497095
_IstaXyea_28_2011 |    .015606   .0272986     0.57   0.568    -.0382936    .0695056
_IstaXyea_37_2001 |   .0121197   .0272986     0.44   0.658    -.0417799    .0660193
_IstaXyea_37_2002 |   .0129248   .0272986     0.47   0.637    -.0409748    .0668244
_IstaXyea_37_2003 |  -.0122114   .0272986    -0.45   0.655     -.066111    .0416882
_IstaXyea_37_2004 |  -.0018631   .0272986    -0.07   0.946    -.0557627    .0520365
_IstaXyea_37_2005 |   .0300439   .0272986     1.10   0.273    -.0238557    .0839435
_IstaXyea_37_2006 |   .0335904   .0272986     1.23   0.220    -.0203092      .08749
_IstaXyea_37_2007 |   .0285923   .0272986     1.05   0.296    -.0253073    .0824919
_IstaXyea_37_2008 |   .0231216   .0272986     0.85   0.398     -.030778    .0770212
_IstaXyea_37_2009 |  -.0019757   .0272986    -0.07   0.942    -.0558753    .0519239
_IstaXyea_37_2010 |   .0268303   .0272986     0.98   0.327    -.0270693      .08073
_IstaXyea_37_2011 |   .0134745   .0272986     0.49   0.622    -.0404251    .0673741
_IstaXyea_40_2001 |   .0549198   .0272986     2.01   0.046     .0010202    .1088194
_IstaXyea_40_2002 |   .1027284   .0272986     3.76   0.000     .0488288     .156628
_IstaXyea_40_2003 |   .0597546   .0272986     2.19   0.030      .005855    .1136542
_IstaXyea_40_2004 |   .0706418   .0272986     2.59   0.011     .0167422    .1245414
_IstaXyea_40_2005 |   .0987997   .0272986     3.62   0.000     .0449001    .1526993
_IstaXyea_40_2006 |   .0621085   .0272986     2.28   0.024     .0082089    .1160082
_IstaXyea_40_2007 |   .0797493   .0272986     2.92   0.004     .0258497    .1336489
_IstaXyea_40_2008 |   .0752401   .0272986     2.76   0.007     .0213405    .1291397
_IstaXyea_40_2009 |   .0957746   .0272986     3.51   0.001      .041875    .1496742
_IstaXyea_40_2010 |   .1084559   .0272986     3.97   0.000     .0545563    .1623555
_IstaXyea_40_2011 |   .0978407   .0272986     3.58   0.000     .0439411    .1517403
_IstaXyea_45_2001 |  -.0048639   .0272986    -0.18   0.859    -.0587636    .0490357
_IstaXyea_45_2002 |   .0298302   .0272986     1.09   0.276    -.0240694    .0837298
_IstaXyea_45_2003 |    .003149   .0272986     0.12   0.908    -.0507506    .0570486
_IstaXyea_45_2004 |  -.0079365   .0272986    -0.29   0.772    -.0618361    .0459631
_IstaXyea_45_2005 |   .0131778   .0272986     0.48   0.630    -.0407218    .0670774
_IstaXyea_45_2006 |   .0226516   .0272986     0.83   0.408    -.0312481    .0765512
_IstaXyea_45_2007 |   .0106318   .0272986     0.39   0.697    -.0432678    .0645314
_IstaXyea_45_2008 |   .0514218   .0272986     1.88   0.061    -.0024778    .1053214
_IstaXyea_45_2009 |  -.0099955   .0272986    -0.37   0.715    -.0638952    .0439041
_IstaXyea_45_2010 |   .0097739   .0272986     0.36   0.721    -.0441257    .0636735
_IstaXyea_45_2011 |  -.0069982   .0272986    -0.26   0.798    -.0608978    .0469014
_IstaXyea_47_2001 |  -.0094681   .0337803    -0.28   0.780    -.0761654    .0572293
_IstaXyea_47_2002 |   .0107937   .0337803     0.32   0.750    -.0559037     .077491
_IstaXyea_47_2003 |  -.0304403   .0337803    -0.90   0.369    -.0971376    .0362571
_IstaXyea_47_2004 |  -.0425136   .0337803    -1.26   0.210    -.1092109    .0241838
_IstaXyea_47_2005 |  -.0060163   .0337803    -0.18   0.859    -.0727136    .0606811
_IstaXyea_47_2006 |  -.0002754   .0337803    -0.01   0.994    -.0669727     .066422
_IstaXyea_47_2007 |  -.0064354   .0337803    -0.19   0.849    -.0731328     .060262
_IstaXyea_47_2008 |   -.021711   .0337803    -0.64   0.521    -.0884084    .0449863
_IstaXyea_47_2009 |  -.0249784   .0337803    -0.74   0.461    -.0916757     .041719
_IstaXyea_47_2010 |  -.0061039   .0337803    -0.18   0.857    -.0728013    .0605934
_IstaXyea_47_2011 |   -.009024   .0337803    -0.27   0.790    -.0757214    .0576734
_IstaXyea_48_2001 |   .0226648   .0272986     0.83   0.408    -.0312348    .0765644
_IstaXyea_48_2002 |   .0375362   .0272986     1.38   0.171    -.0163634    .0914358
_IstaXyea_48_2003 |   .0292823   .0272986     1.07   0.285    -.0246173    .0831819
_IstaXyea_48_2004 |   .0156313   .0272986     0.57   0.568    -.0382683    .0695309
_IstaXyea_48_2005 |   .0465419   .0272986     1.70   0.090    -.0073577    .1004415
_IstaXyea_48_2006 |   .0472383   .0272986     1.73   0.085    -.0066613    .1011379
_IstaXyea_48_2007 |   .0289337   .0272986     1.06   0.291    -.0249659    .0828333
_IstaXyea_48_2008 |   .0556087   .0272986     2.04   0.043     .0017091    .1095083
_IstaXyea_48_2009 |   .0605715   .0272986     2.22   0.028     .0066719    .1144711
_IstaXyea_48_2010 |   .0646162   .0272986     2.37   0.019     .0107166    .1185158
_IstaXyea_48_2011 |   .0630881   .0272986     2.31   0.022     .0091885    .1169877
_IstaXyea_51_2001 |   .0327365   .0272986     1.20   0.232    -.0211631    .0866361
_IstaXyea_51_2002 |   .0504474   .0272986     1.85   0.066    -.0034522     .104347
_IstaXyea_51_2003 |   .0267341   .0272986     0.98   0.329    -.0271655    .0806337
_IstaXyea_51_2004 |  -.0071269   .0272986    -0.26   0.794    -.0610265    .0467727
_IstaXyea_51_2005 |   .0421613   .0272986     1.54   0.124    -.0117383    .0960609
_IstaXyea_51_2006 |   .0547831   .0272986     2.01   0.046     .0008835    .1086827
_IstaXyea_51_2007 |   .0384097   .0272986     1.41   0.161    -.0154899    .0923093
_IstaXyea_51_2008 |   .0474726   .0272986     1.74   0.084     -.006427    .1013722
_IstaXyea_51_2009 |   .0366466   .0272986     1.34   0.181     -.017253    .0905462
_IstaXyea_51_2010 |   .0258718   .0272986     0.95   0.345    -.0280278    .0797714
_IstaXyea_51_2011 |   .0402108   .0272986     1.47   0.143    -.0136888    .0941104
_IstaXyea_54_2001 |   .0486217   .0272986     1.78   0.077    -.0052779    .1025213
_IstaXyea_54_2002 |   .0487402   .0272986     1.79   0.076    -.0051594    .1026398
_IstaXyea_54_2003 |  -.0054888   .0272986    -0.20   0.841    -.0593884    .0484108
_IstaXyea_54_2004 |  -.0113892   .0272986    -0.42   0.677    -.0652888    .0425104
_IstaXyea_54_2005 |   .0389375   .0272986     1.43   0.156    -.0149621    .0928371
_IstaXyea_54_2006 |   .0854487   .0272986     3.13   0.002      .031549    .1393483
_IstaXyea_54_2007 |   .0350552   .0272986     1.28   0.201    -.0188444    .0889549
_IstaXyea_54_2008 |   .0475358   .0272986     1.74   0.083    -.0063638    .1014354
_IstaXyea_54_2009 |   .0193308   .0272986     0.71   0.480    -.0345688    .0732304
_IstaXyea_54_2010 |   .0284739   .0272986     1.04   0.298    -.0254257    .0823735
_IstaXyea_54_2011 |   .0424967   .0272986     1.56   0.121    -.0114029    .0963963
        _Inokid_1 |  -.0631208    .010237    -6.17   0.000    -.0833331   -.0429084
 _IyeaXnok_2001_1 |  -.0154882   .0096515    -1.60   0.110    -.0345446    .0035682
 _IyeaXnok_2002_1 |   .0044386   .0096515     0.46   0.646    -.0146177     .023495
 _IyeaXnok_2003_1 |    .009268   .0096515     0.96   0.338    -.0097884    .0283244
 _IyeaXnok_2004_1 |   .0030325   .0096515     0.31   0.754    -.0160239    .0220889
 _IyeaXnok_2005_1 |    .001583   .0096515     0.16   0.870    -.0174734    .0206394
 _IyeaXnok_2006_1 |   .0022243   .0096515     0.23   0.818    -.0168321    .0212807
 _IyeaXnok_2007_1 |  -.0029488   .0096515    -0.31   0.760    -.0220052    .0161076
 _IyeaXnok_2008_1 |   .0116884   .0096515     1.21   0.228     -.007368    .0307448
 _IyeaXnok_2009_1 |   .0046428   .0096515     0.48   0.631    -.0144136    .0236992
 _IyeaXnok_2010_1 |   .0087943   .0096515     0.91   0.364    -.0102621    .0278507
 _IyeaXnok_2011_1 |   .0001406   .0096515     0.01   0.988    -.0189158     .019197
    _IstaXnok_5_1 |   .0099582   .0111446     0.89   0.373    -.0120463    .0319626
   _IstaXnok_10_1 |   .0046985   .0111446     0.42   0.674     -.017306    .0267029
   _IstaXnok_11_1 |   .1014712   .0111446     9.10   0.000     .0794667    .1234756
   _IstaXnok_12_1 |   .0280825   .0111446     2.52   0.013      .006078    .0500869
   _IstaXnok_13_1 |    .034732   .0111446     3.12   0.002     .0127276    .0567364
   _IstaXnok_21_1 |  -.0038198   .0111446    -0.34   0.732    -.0258242    .0181846
   _IstaXnok_22_1 |   .0008525   .0111446     0.08   0.939     -.021152    .0228569
   _IstaXnok_24_1 |   .0288413   .0111446     2.59   0.011     .0068369    .0508457
   _IstaXnok_28_1 |  -.0065683   .0111446    -0.59   0.556    -.0285727    .0154362
   _IstaXnok_37_1 |   .0243466   .0111446     2.18   0.030     .0023422     .046351
   _IstaXnok_40_1 |   .0348519   .0111446     3.13   0.002     .0128475    .0568564
   _IstaXnok_45_1 |   -.019499   .0111446    -1.75   0.082    -.0415034    .0025054
   _IstaXnok_47_1 |   .0047284   .0291549     0.16   0.871    -.0528364    .0622932
   _IstaXnok_48_1 |   .0608892   .0111446     5.46   0.000     .0388848    .0828937
   _IstaXnok_51_1 |   .0354473   .0111446     3.18   0.002     .0134428    .0574517
   _IstaXnok_54_1 |  -.0318022   .0111446    -2.85   0.005    -.0538066   -.0097978
            _cons |   .7687517   .0145775    52.74   0.000     .7399693    .7975341
-----------------------------------------------------------------------------------

. 
. matrix results = J(12,1,0)

. local row = 2

. forvalues i = 2001/2011 {
  2.  matrix results[`row',1] = _b[evt`i']
  3.  local row = `row' + 1
  4. }

. 
.  preserve

. 
. drop _all

. svmat results
number of observations will be reset to 12
Press any key to continue, or Break to abort
Number of observations (_N) was 0, now 12.

. rename results1 evt_coeffs

. gen year = _n + 1999

. 
. local inv_golden_ratio = 2 / ( sqrt(5) + 1 )

. twoway ///
>         (connected evt_coeffs year, lpattern(solid) lcolor(gray) mcolor(blue) msymbol(o)) /// 
>                 , ///
>                 ylabel(, nogrid angle(horizontal)  ) ///
>                 scheme(s2mono) ///
>                 aspectratio(`inv_golden_ratio') ///
>                 graphregion(fcolor(white)) ///
>                 xline(2005.1) ///
>                 legend(off) ///
>                 yscale( nofextend ) xscale(nofextend) ///
>                 xlabel(2000(1)2011) ylabel(-0.06(0.02)0.06) /// 
>                 xtitle(" ") ytitle(" ") 

.         graph save ../gph/event_study_working.gph, replace
file ../gph/event_study_working.gph saved

.         graph export ../gph/event_study_working.eps, replace
file ../gph/event_study_working.eps saved as EPS format

.         !sz ../gph/event_study_working.eps

zsh:1: command not found: sz

. 
.  restore

. 
. 
. 
. log close
      name:  <unnamed>
       log:  /Users/pranavgupta/Documents/ECON 580/Pranav-copy-rep-kit/ggn-replication-kit/do/../log/create-cps-figures.log
  log type:  text
 closed on:  13 Feb 2026, 21:29:44
--------------------------------------------------------------------------------------------------------------------------------------------------------------------------------------------------------
